department_id,name
1,Legal
2,Human Resources
3,Sales
4,Product Management
5,Business Development
6,Accounting
7,Human Resources
8,Training
9,Sales
10,Legal
11,Legal
12,Sales
13,Support
14,Accounting
15,Sales
16,Accounting
17,Sales
18,Services
19,Human Resources
20,Marketing
21,Business Development
22,Services
23,Research and Development
24,Research and Development
25,Research and Development
26,Research and Development
27,Legal
28,Human Resources
29,Product Management
30,Engineering
31,Services
32,Support
33,Services
34,Business Development
35,Legal
36,Sales
37,Support
38,Human Resources
39,Training
40,Accounting
41,Legal
42,Accounting
43,Human Resources
44,Marketing
45,Human Resources
46,Marketing
47,Support
48,Product Management
49,Marketing
50,Sales
51,Product Management
52,Marketing
53,Engineering
54,Legal
55,Product Management
56,Training
57,Human Resources
58,Business Development
59,Support
60,Accounting
61,Accounting
62,Services
63,Sales
64,Engineering
65,Business Development
66,Research and Development
67,Product Management
68,Product Management
69,Legal
70,Sales
71,Legal
72,Support
73,Training
74,Human Resources
75,Marketing
76,Human Resources
77,Marketing
78,Legal
79,Business Development
80,Legal
81,Accounting
82,Support
83,Training
84,Accounting
85,Engineering
86,Services
87,Sales
88,Sales
89,Accounting
90,Product Management
91,Human Resources
92,Services
93,Engineering
94,Engineering
95,Human Resources
96,Training
97,Product Management
98,Legal
99,Human Resources
100,Training
101,Marketing
102,Training
103,Product Management
104,Business Development
105,Business Development
106,Services
107,Training
108,Marketing
109,Engineering
110,Support
111,Business Development
112,Human Resources
113,Product Management
114,Training
115,Engineering
116,Engineering
117,Engineering
118,Services
119,Engineering
120,Product Management
121,Product Management
122,Training
123,Training
124,Marketing
125,Training
126,Product Management
127,Human Resources
128,Legal
129,Services
130,Support
131,Product Management
132,Training
133,Support
134,Marketing
135,Engineering
136,Services
137,Marketing
138,Accounting
139,Accounting
140,Accounting
141,Legal
142,Engineering
143,Marketing
144,Support
145,Marketing
146,Research and Development
147,Business Development
148,Marketing
149,Product Management
150,Marketing
151,Marketing
152,Product Management
153,Support
154,Marketing
155,Business Development
156,Research and Development
157,Marketing
158,Product Management
159,Accounting
160,Sales
161,Marketing
162,Product Management
163,Human Resources
164,Training
165,Services
166,Research and Development
167,Accounting
168,Services
169,Training
170,Accounting
171,Research and Development
172,Legal
173,Sales
174,Accounting
175,Sales
176,Accounting
177,Accounting
178,Training
179,Marketing
180,Sales
181,Services
182,Services
183,Services
184,Services
185,Accounting
186,Accounting
187,Engineering
188,Business Development
189,Product Management
190,Business Development
191,Accounting
192,Accounting
193,Research and Development
194,Services
195,Engineering
196,Product Management
197,Human Resources
198,Sales
199,Support
200,Accounting
201,Business Development
202,Business Development
203,Marketing
204,Support
205,Support
206,Product Management
207,Business Development
208,Product Management
209,Accounting
210,Accounting
211,Legal
212,Support
213,Accounting
214,Accounting
215,Accounting
216,Business Development
217,Marketing
218,Marketing
219,Research and Development
220,Accounting
221,Research and Development
222,Training
223,Research and Development
224,Sales
225,Engineering
226,Product Management
227,Business Development
228,Human Resources
229,Support
230,Training
231,Research and Development
232,Engineering
233,Marketing
234,Business Development
235,Human Resources
236,Support
237,Training
238,Accounting
239,Business Development
240,Human Resources
241,Research and Development
242,Research and Development
243,Marketing
244,Product Management
245,Services
246,Services
247,Human Resources
248,Services
249,Support
250,Support
251,Research and Development
252,Legal
253,Business Development
254,Engineering
255,Business Development
256,Engineering
257,Human Resources
258,Marketing
259,Engineering
260,Marketing
261,Sales
262,Accounting
263,Human Resources
264,Support
265,Support
266,Business Development
267,Marketing
268,Legal
269,Research and Development
270,Services
271,Engineering
272,Accounting
273,Services
274,Research and Development
275,Human Resources
276,Services
277,Business Development
278,Legal
279,Support
280,Support
281,Engineering
282,Marketing
283,Training
284,Support
285,Marketing
286,Product Management
287,Research and Development
288,Support
289,Engineering
290,Accounting
291,Training
292,Legal
293,Product Management
294,Services
295,Engineering
296,Support
297,Engineering
298,Support
299,Training
300,Business Development
301,Human Resources
302,Marketing
303,Research and Development
304,Marketing
305,Product Management
306,Legal
307,Research and Development
308,Product Management
309,Human Resources
310,Legal
311,Marketing
312,Training
313,Business Development
314,Sales
315,Services
316,Training
317,Services
318,Training
319,Human Resources
320,Product Management
321,Engineering
322,Services
323,Research and Development
324,Human Resources
325,Support
326,Marketing
327,Accounting
328,Engineering
329,Accounting
330,Accounting
331,Human Resources
332,Legal
333,Services
334,Legal
335,Services
336,Business Development
337,Sales
338,Accounting
339,Engineering
340,Sales
341,Sales
342,Sales
343,Accounting
344,Business Development
345,Research and Development
346,Business Development
347,Human Resources
348,Business Development
349,Product Management
350,Support
351,Business Development
352,Human Resources
353,Human Resources
354,Business Development
355,Accounting
356,Product Management
357,Business Development
358,Services
359,Marketing
360,Accounting
361,Product Management
362,Product Management
363,Training
364,Research and Development
365,Services
366,Engineering
367,Marketing
368,Human Resources
369,Training
370,Business Development
371,Research and Development
372,Accounting
373,Engineering
374,Research and Development
375,Human Resources
376,Business Development
377,Human Resources
378,Support
379,Product Management
380,Engineering
381,Research and Development
382,Legal
383,Sales
384,Marketing
385,Training
386,Legal
387,Human Resources
388,Business Development
389,Legal
390,Legal
391,Product Management
392,Accounting
393,Engineering
394,Research and Development
395,Support
396,Legal
397,Business Development
398,Support
399,Marketing
400,Human Resources
401,Business Development
402,Marketing
403,Research and Development
404,Services
405,Sales
406,Human Resources
407,Support
408,Product Management
409,Legal
410,Sales
411,Product Management
412,Business Development
413,Sales
414,Accounting
415,Engineering
416,Business Development
417,Training
418,Legal
419,Research and Development
420,Services
421,Training
422,Human Resources
423,Product Management
424,Support
425,Training
426,Sales
427,Research and Development
428,Business Development
429,Training
430,Research and Development
431,Legal
432,Human Resources
433,Marketing
434,Accounting
435,Services
436,Research and Development
437,Accounting
438,Accounting
439,Sales
440,Business Development
441,Human Resources
442,Business Development
443,Legal
444,Sales
445,Business Development
446,Marketing
447,Human Resources
448,Marketing
449,Sales
450,Research and Development
451,Marketing
452,Accounting
453,Research and Development
454,Business Development
455,Training
456,Accounting
457,Services
458,Services
459,Human Resources
460,Business Development
461,Support
462,Business Development
463,Product Management
464,Support
465,Research and Development
466,Support
467,Human Resources
468,Training
469,Accounting
470,Business Development
471,Business Development
472,Training
473,Sales
474,Services
475,Accounting
476,Sales
477,Business Development
478,Business Development
479,Services
480,Marketing
481,Legal
482,Engineering
483,Sales
484,Engineering
485,Sales
486,Engineering
487,Sales
488,Sales
489,Services
490,Support
491,Sales
492,Product Management
493,Services
494,Business Development
495,Training
496,Marketing
497,Marketing
498,Research and Development
499,Marketing
500,Training
501,Marketing
502,Marketing
503,Training
504,Legal
505,Human Resources
506,Business Development
507,Services
508,Human Resources
509,Research and Development
510,Product Management
511,Human Resources
512,Product Management
513,Services
514,Human Resources
515,Product Management
516,Human Resources
517,Accounting
518,Product Management
519,Marketing
520,Services
521,Engineering
522,Product Management
523,Marketing
524,Training
525,Marketing
526,Research and Development
527,Sales
528,Training
529,Research and Development
530,Product Management
531,Research and Development
532,Product Management
533,Engineering
534,Support
535,Business Development
536,Human Resources
537,Marketing
538,Services
539,Accounting
540,Legal
541,Human Resources
542,Accounting
543,Business Development
544,Business Development
545,Sales
546,Business Development
547,Services
548,Engineering
549,Human Resources
550,Support
551,Business Development
552,Product Management
553,Product Management
554,Legal
555,Accounting
556,Training
557,Research and Development
558,Research and Development
559,Research and Development
560,Support
561,Accounting
562,Research and Development
563,Research and Development
564,Human Resources
565,Human Resources
566,Engineering
567,Sales
568,Training
569,Services
570,Product Management
571,Accounting
572,Human Resources
573,Accounting
574,Sales
575,Services
576,Sales
577,Engineering
578,Support
579,Training
580,Sales
581,Support
582,Support
583,Human Resources
584,Research and Development
585,Services
586,Services
587,Marketing
588,Services
589,Legal
590,Services
591,Business Development
592,Sales
593,Support
594,Product Management
595,Human Resources
596,Support
597,Business Development
598,Support
599,Product Management
600,Research and Development
601,Services
602,Support
603,Research and Development
604,Research and Development
605,Legal
606,Human Resources
607,Services
608,Engineering
609,Accounting
610,Marketing
611,Services
612,Training
613,Marketing
614,Services
615,Training
616,Legal
617,Human Resources
618,Sales
619,Training
620,Sales
621,Product Management
622,Training
623,Business Development
624,Business Development
625,Product Management
626,Research and Development
627,Training
628,Legal
629,Legal
630,Training
631,Product Management
632,Research and Development
633,Product Management
634,Sales
635,Services
636,Human Resources
637,Training
638,Support
639,Engineering
640,Services
641,Research and Development
642,Legal
643,Product Management
644,Accounting
645,Engineering
646,Sales
647,Product Management
648,Engineering
649,Legal
650,Training
651,Legal
652,Research and Development
653,Legal
654,Research and Development
655,Training
656,Training
657,Human Resources
658,Accounting
659,Accounting
660,Sales
661,Product Management
662,Services
663,Human Resources
664,Legal
665,Sales
666,Sales
667,Marketing
668,Human Resources
669,Research and Development
670,Human Resources
671,Sales
672,Sales
673,Research and Development
674,Business Development
675,Services
676,Training
677,Services
678,Business Development
679,Product Management
680,Marketing
681,Product Management
682,Research and Development
683,Human Resources
684,Business Development
685,Marketing
686,Research and Development
687,Human Resources
688,Training
689,Services
690,Legal
691,Product Management
692,Services
693,Research and Development
694,Support
695,Human Resources
696,Sales
697,Marketing
698,Product Management
699,Marketing
700,Accounting
701,Sales
702,Marketing
703,Accounting
704,Engineering
705,Research and Development
706,Legal
707,Services
708,Legal
709,Training
710,Sales
711,Support
712,Business Development
713,Training
714,Engineering
715,Accounting
716,Human Resources
717,Legal
718,Sales
719,Research and Development
720,Marketing
721,Training
722,Services
723,Human Resources
724,Legal
725,Accounting
726,Business Development
727,Support
728,Accounting
729,Accounting
730,Support
731,Research and Development
732,Human Resources
733,Support
734,Human Resources
735,Accounting
736,Product Management
737,Engineering
738,Support
739,Human Resources
740,Legal
741,Legal
742,Sales
743,Training
744,Training
745,Product Management
746,Support
747,Sales
748,Marketing
749,Sales
750,Accounting
751,Services
752,Product Management
753,Accounting
754,Legal
755,Legal
756,Services
757,Engineering
758,Legal
759,Research and Development
760,Legal
761,Training
762,Training
763,Human Resources
764,Research and Development
765,Sales
766,Product Management
767,Services
768,Services
769,Research and Development
770,Marketing
771,Accounting
772,Training
773,Human Resources
774,Sales
775,Business Development
776,Sales
777,Legal
778,Services
779,Accounting
780,Marketing
781,Legal
782,Marketing
783,Support
784,Services
785,Marketing
786,Support
787,Research and Development
788,Legal
789,Engineering
790,Sales
791,Training
792,Marketing
793,Research and Development
794,Training
795,Product Management
796,Marketing
797,Business Development
798,Services
799,Human Resources
800,Services
801,Business Development
802,Sales
803,Human Resources
804,Business Development
805,Training
806,Legal
807,Legal
808,Marketing
809,Research and Development
810,Legal
811,Marketing
812,Research and Development
813,Marketing
814,Engineering
815,Product Management
816,Business Development
817,Accounting
818,Research and Development
819,Sales
820,Sales
821,Engineering
822,Human Resources
823,Sales
824,Human Resources
825,Human Resources
826,Training
827,Services
828,Human Resources
829,Human Resources
830,Support
831,Marketing
832,Sales
833,Product Management
834,Training
835,Research and Development
836,Legal
837,Services
838,Business Development
839,Accounting
840,Engineering
841,Business Development
842,Research and Development
843,Services
844,Legal
845,Research and Development
846,Services
847,Legal
848,Engineering
849,Human Resources
850,Support
851,Sales
852,Training
853,Human Resources
854,Marketing
855,Human Resources
856,Business Development
857,Sales
858,Human Resources
859,Training
860,Marketing
861,Services
862,Product Management
863,Engineering
864,Legal
865,Support
866,Human Resources
867,Human Resources
868,Sales
869,Support
870,Sales
871,Product Management
872,Support
873,Sales
874,Engineering
875,Engineering
876,Support
877,Services
878,Engineering
879,Research and Development
880,Human Resources
881,Product Management
882,Human Resources
883,Accounting
884,Training
885,Research and Development
886,Services
887,Engineering
888,Product Management
889,Human Resources
890,Engineering
891,Human Resources
892,Marketing
893,Business Development
894,Sales
895,Product Management
896,Support
897,Sales
898,Product Management
899,Engineering
900,Product Management
901,Research and Development
902,Training
903,Accounting
904,Engineering
905,Research and Development
906,Services
907,Training
908,Research and Development
909,Marketing
910,Marketing
911,Services
912,Research and Development
913,Engineering
914,Legal
915,Marketing
916,Engineering
917,Services
918,Services
919,Research and Development
920,Product Management
921,Product Management
922,Services
923,Training
924,Accounting
925,Product Management
926,Marketing
927,Accounting
928,Support
929,Human Resources
930,Engineering
931,Support
932,Engineering
933,Services
934,Accounting
935,Human Resources
936,Sales
937,Legal
938,Training
939,Accounting
940,Product Management
941,Human Resources
942,Training
943,Engineering
944,Research and Development
945,Engineering
946,Product Management
947,Accounting
948,Training
949,Engineering
950,Sales
951,Sales
952,Services
953,Product Management
954,Training
955,Services
956,Sales
957,Sales
958,Research and Development
959,Product Management
960,Engineering
961,Training
962,Research and Development
963,Marketing
964,Accounting
965,Accounting
966,Support
967,Support
968,Human Resources
969,Sales
970,Services
971,Business Development
972,Accounting
973,Services
974,Research and Development
975,Accounting
976,Accounting
977,Accounting
978,Human Resources
979,Support
980,Product Management
981,Services
982,Product Management
983,Human Resources
984,Accounting
985,Engineering
986,Research and Development
987,Training
988,Training
989,Marketing
990,Marketing
991,Services
992,Business Development
993,Sales
994,Research and Development
995,Legal
996,Legal
997,Product Management
998,Accounting
999,Research and Development
1000,Support
