id,first_name,last_name,birth_date,gender,hire_date
1,Orson,Rowbrey,18.06.1992,Male,01.12.2020
2,Sanson,Rylett,08.06.1991,Male,20.11.2017
3,Abbe,Heffernan,15.07.1997,Male,15.07.2022
4,Darnell,St. Queintain,31.12.1993,Male,20.09.2016
5,Charleen,Deverick,26.07.1993,Non-binary,28.10.2021
6,Gray,Beament,17.11.1998,Male,30.10.2016
7,Florette,Bakewell,29.01.1997,Female,02.07.2018
8,Victoria,Crumly,10.03.1997,Female,27.02.2021
9,Elwood,Aluard,25.02.1996,Male,17.04.2018
10,Rice,Strognell,08.01.1994,Genderqueer,23.10.2019
11,Friedrick,Etheredge,06.07.1995,Male,02.04.2022
12,Berna,Daw,28.07.1991,Female,17.01.2019
13,Fons,Gillet,28.02.1995,Male,08.11.2016
14,Mia,Liebermann,05.12.1999,Female,30.06.2019
15,Madelyn,Duffitt,07.11.1996,Female,26.02.2018
16,Jules,Killimister,10.11.1995,Male,18.02.2020
17,Artemus,Passmore,14.01.2000,Male,17.03.2020
18,Oralee,Milmore,29.11.1992,Genderqueer,05.08.2022
19,Lotta,Kruschev,04.01.1997,Female,17.05.2017
20,Ida,Colam,29.04.1994,Female,27.11.2020
21,Claire,Cogger,15.01.1997,Male,26.12.2015
22,Lolita,Sibbons,10.12.1990,Female,28.07.2022
23,Lombard,Clausen-Thue,18.11.1996,Male,15.03.2017
24,Audra,Bradder,05.05.1994,Female,24.06.2022
25,Constantine,Thomesson,18.04.1999,Male,11.12.2018
26,Flori,Neal,04.07.1993,Female,21.08.2021
27,Beaufort,Paschke,15.02.1999,Male,10.04.2016
28,Karalynn,Franses,03.09.1999,Female,09.12.2018
29,Ryun,Reeves,04.06.1994,Male,12.02.2020
30,Emelen,Glyne,18.03.1996,Non-binary,17.11.2020
31,Godfrey,Fitzsymonds,05.06.1998,Male,30.06.2021
32,Cazzie,Ferretti,10.06.1999,Male,03.02.2017
33,Rockey,Harston,18.08.1995,Male,20.08.2020
34,Aurilia,Pre,16.01.1994,Female,31.12.2021
35,Calley,O'Harney,15.02.1994,Female,28.01.2020
36,Cooper,Barrell,09.01.1998,Male,12.04.2016
37,Sibylle,Dorning,12.06.2000,Female,31.12.2018
38,Ofelia,Cussen,26.12.1997,Female,28.01.2021
39,Sherry,Ewbanke,31.05.1995,Female,23.01.2017
40,Brannon,Tenman,04.01.1999,Male,25.03.2017
41,Caril,Leglise,16.04.1996,Female,15.07.2017
42,Harlene,Attenbarrow,17.10.1996,Female,20.04.2019
43,Leeann,Kierans,18.09.1998,Female,14.11.2019
44,Fanny,Sears,18.07.1992,Female,12.09.2018
45,Jacquelin,Cowlishaw,26.06.1993,Female,12.10.2016
46,Bealle,Boyce,18.10.1999,Male,26.12.2015
47,Fleur,Covely,12.01.1996,Female,11.05.2018
48,Bernadina,Clampe,20.06.1999,Female,13.11.2016
49,Taddeusz,Kubacek,22.02.1992,Male,24.05.2020
50,Iolanthe,Mauditt,01.07.1991,Female,16.02.2017
51,Delia,Klulisek,07.07.1998,Female,10.03.2018
52,Timothy,Dawby,11.08.1991,Male,29.05.2021
53,Gerald,Botwright,13.04.1994,Male,04.11.2019
54,Virgina,Duckitt,07.04.1991,Female,16.01.2017
55,Armstrong,Haworth,15.06.1997,Male,21.06.2021
56,Cissy,Eacle,05.03.1993,Female,15.01.2018
57,Noe,Matasov,13.08.1999,Male,02.08.2021
58,Ashton,Von Der Empten,07.11.1994,Male,20.08.2016
59,Johan,Leate,13.03.1996,Male,26.05.2020
60,Yvor,Douberday,09.12.1999,Agender,20.01.2022
61,Michail,Faussett,03.09.1997,Male,31.05.2016
62,Torey,Lethabridge,16.01.2000,Female,04.01.2020
63,Myrwyn,Prenty,20.06.1991,Male,04.05.2016
64,Townsend,Tellenbrook,31.05.1991,Male,09.02.2021
65,Libby,Blader,14.06.1991,Female,24.07.2022
66,Pip,Avramovic,24.01.2000,Male,30.09.2016
67,Merrel,Frankton,09.11.1999,Male,10.05.2019
68,Thaine,Sagg,30.08.1997,Male,07.07.2020
69,Shirlee,Tubbles,25.03.1998,Genderqueer,17.02.2018
70,Barnabe,Tarbet,30.09.1996,Male,30.07.2016
71,Reg,Blooman,30.11.1995,Male,03.01.2016
72,Scotti,Rijkeseis,09.05.1995,Male,23.01.2021
73,Murry,Gallen,03.05.2000,Male,02.02.2018
74,Filide,Lynthal,07.03.1994,Female,06.11.2018
75,Arabele,Utridge,04.06.1994,Female,09.11.2018
76,Erasmus,Leet,29.07.1999,Male,05.05.2020
77,Ravi,Culwen,03.09.1995,Male,16.11.2017
78,Rodrigo,Goldney,26.04.1991,Male,07.10.2019
79,Clemmie,Crudgington,11.08.2000,Male,01.01.2021
80,Nolan,Baden,14.10.1991,Male,03.12.2018
81,Spense,Rummery,03.05.1994,Male,06.02.2018
82,Drud,Colebourn,17.10.1993,Male,22.07.2019
83,Wendel,Downs,12.09.1994,Genderqueer,11.10.2021
84,Garry,McCormack,27.12.1995,Male,31.07.2019
85,Hashim,Semeradova,07.03.1995,Male,15.04.2017
86,Verla,Scheffel,05.06.1992,Female,07.08.2020
87,Shayna,Correa,09.02.1991,Female,06.12.2015
88,Hulda,Gauch,11.05.1997,Female,15.10.2019
89,Laural,Pidgen,15.07.1991,Female,14.08.2020
90,Huberto,Tripney,06.05.2000,Male,09.03.2017
91,Tod,Hollows,19.12.1999,Male,14.06.2017
92,Sigmund,Handrahan,22.10.1999,Male,17.04.2020
93,Hilary,Measham,14.06.1994,Male,25.03.2018
94,Ulrich,Durden,01.12.1994,Polygender,03.03.2020
95,Percival,Stribbling,09.08.1998,Genderfluid,17.04.2022
96,Edgar,Bruhke,13.09.1999,Male,18.01.2018
97,Mavis,Totterdill,17.11.1997,Female,17.04.2016
98,Bernardine,Krugmann,23.11.1998,Female,31.03.2016
99,Gill,Mullard,27.12.1994,Female,26.02.2019
100,Chrissie,Zuann,09.07.1996,Male,28.08.2021
101,Alvy,Tatton,05.07.1993,Male,06.01.2016
102,Muffin,Coath,29.07.2000,Female,30.08.2019
103,Lonnie,McKibben,18.02.2000,Male,21.02.2016
104,Abbe,McLernon,05.02.1996,Bigender,06.03.2019
105,Olly,Collcott,02.07.1992,Male,21.09.2022
106,Ashlie,Garretts,25.09.1995,Female,26.10.2015
107,Yancy,O'Lenechan,22.02.1998,Male,01.07.2022
108,Lindsay,Edmunds,09.07.1995,Male,09.01.2022
109,Jami,Dormand,18.04.1995,Female,09.03.2018
110,Hodge,Skitral,14.03.1991,Male,19.07.2018
111,Cassey,Cerman,23.04.1994,Genderfluid,18.01.2020
112,Courtney,Bridgman,17.09.1998,Male,09.12.2015
113,Lyell,Bernon,08.09.2000,Male,21.04.2018
114,Allister,Faux,12.06.1996,Genderfluid,20.01.2022
115,Annadiane,Rawlins,26.09.1995,Female,04.05.2022
116,Jacqueline,Gauntley,12.07.1993,Non-binary,06.08.2021
117,Marcello,Gepheart,02.07.1992,Male,04.10.2016
118,Bellina,Sporrij,24.09.1997,Female,09.11.2015
119,Thatch,Taberer,29.07.1993,Male,10.12.2016
120,Leora,Pude,21.08.1994,Female,04.07.2019
121,Bradly,Ragge,17.01.1996,Genderfluid,20.04.2018
122,Elora,Valentinetti,05.11.1992,Female,01.09.2016
123,Roana,Piecha,26.12.1993,Female,15.08.2021
124,Rossy,Bilton,17.08.2000,Male,29.04.2016
125,Finn,Newarte,07.03.2000,Male,09.03.2020
126,Madelin,Althorpe,04.07.2000,Female,26.03.2017
127,Devlin,Leyban,16.11.1995,Male,04.07.2021
128,Celestia,Dowsett,01.11.1998,Female,25.07.2022
129,Josh,Roizn,13.12.1998,Male,14.01.2016
130,Thor,McClary,07.01.1997,Non-binary,20.09.2022
131,Darice,Tewkesberry,16.03.1993,Female,25.08.2018
132,Dennison,Lidgley,08.10.1999,Male,14.01.2019
133,Lani,Headrick,22.11.1992,Female,02.09.2019
134,Wes,Thorndycraft,16.04.1992,Polygender,23.01.2017
135,Fransisco,Theodoris,02.07.1992,Male,22.06.2016
136,Warner,Borthe,20.01.1994,Male,10.11.2018
137,Greggory,Temple,27.06.1997,Male,28.03.2021
138,Margette,Luety,04.07.1996,Female,27.06.2019
139,Wynnie,Maun,30.06.1998,Female,28.06.2021
140,Nikkie,Jennings,29.09.1996,Female,03.07.2016
141,Stefanie,O'Reagan,20.05.1998,Female,20.11.2018
142,Dotti,Tuther,23.10.1998,Genderfluid,12.06.2019
143,Ninnetta,Scarlett,26.03.1992,Female,01.08.2022
144,Jessie,Sherman,17.11.1997,Male,25.12.2019
145,Kelwin,Wellstead,19.06.1997,Male,15.09.2016
146,Guenevere,Bosse,07.10.1993,Female,11.10.2022
147,Yard,Clausner,21.09.2000,Male,28.07.2017
148,Teodora,Paolini,09.04.1999,Female,06.08.2022
149,Cameron,Sonschein,14.08.1999,Male,01.01.2016
150,Sollie,Clare,23.06.1997,Male,22.08.2020
151,Fernande,Covil,24.07.1993,Female,27.06.2018
152,Washington,Golborn,29.06.1998,Male,11.01.2016
153,Kylen,Kubicek,14.10.1994,Female,06.12.2021
154,Hanson,Versey,18.10.1992,Male,16.08.2019
155,Jeane,Pegg,16.07.1997,Female,02.02.2020
156,Lewiss,Surmon,28.09.1997,Male,05.06.2021
157,Ginnie,Abbitt,27.02.1995,Female,24.04.2020
158,Haleigh,Rowston,01.02.1996,Male,23.11.2020
159,Horatio,Kenwood,04.01.1998,Male,24.12.2015
160,Shina,Itschakov,18.11.1990,Female,20.02.2020
161,Bern,Gullen,20.06.1998,Male,10.04.2017
162,Morgen,Riche,08.06.1997,Male,01.06.2018
163,Allx,Loadwick,10.07.1998,Female,02.09.2020
164,Darnall,Lynnitt,04.10.1998,Male,07.05.2018
165,Erick,Infante,18.10.1995,Male,26.12.2016
166,Jarib,Reyna,08.03.1993,Male,02.05.2022
167,Noreen,Dimanche,24.09.1999,Female,27.04.2016
168,Leontine,McCadden,01.09.2000,Female,10.12.2017
169,Tabor,Pottage,10.12.1991,Male,04.10.2016
170,Ninnetta,Rawes,15.06.1995,Female,08.11.2021
171,Maudie,Clemmen,03.06.2000,Female,06.09.2019
172,Bettina,Jeannel,09.09.1995,Female,14.07.2016
173,Hammad,Flohard,06.05.1993,Male,04.05.2017
174,Silvio,Leitche,09.03.1995,Genderqueer,05.06.2016
175,Giacinta,Tamas,28.09.1996,Female,26.10.2021
176,Micaela,Brickham,11.09.1997,Female,27.01.2019
177,Sibel,Silburn,15.07.1999,Female,12.11.2019
178,Lilias,Bernadon,15.09.1997,Female,01.05.2022
179,Lezley,Loachhead,12.04.1992,Male,22.08.2017
180,Trista,McGooch,12.10.1992,Female,31.08.2019
181,Arel,Surmon,16.12.1995,Male,17.07.2016
182,Alfi,Dradey,08.04.1995,Female,13.09.2016
183,Beilul,Lidgard,23.04.1994,Female,03.09.2020
184,Tedd,Glennon,15.08.2000,Male,11.12.2015
185,Emlyn,Speek,20.02.1993,Male,14.07.2019
186,Lydon,McGraith,19.01.1996,Male,18.12.2016
187,Ryann,Justun,07.11.1997,Female,20.09.2019
188,Kay,Ashforth,06.04.1993,Female,02.07.2019
189,Christy,Gaenor,29.12.1998,Male,24.02.2021
190,Noah,Moneypenny,05.10.1999,Male,25.01.2018
191,Sonni,Giovannetti,05.07.1991,Female,18.06.2017
192,Mortie,Noore,29.08.1992,Male,27.08.2017
193,Caritta,Neasam,19.06.1998,Female,30.10.2015
194,Israel,Forlong,15.01.1992,Male,10.06.2017
195,Edie,Martel,25.02.1996,Female,18.03.2022
196,Rorke,O'Dee,02.07.1991,Male,10.08.2018
197,Jenny,O'Corrin,08.09.1997,Female,19.07.2021
198,Inessa,Ivimey,17.12.1996,Female,30.05.2020
199,Latisha,Knight,11.09.1999,Female,03.01.2018
200,Belia,Laraway,01.08.1993,Female,08.10.2022
201,Chrissy,Rutigliano,26.05.1992,Male,28.09.2020
202,Manuel,Skirvane,11.01.1993,Male,27.01.2019
203,Haily,Clew,11.10.1998,Male,29.04.2017
204,Janette,Sexty,07.09.2000,Female,03.05.2021
205,Bennie,Cookman,29.11.1999,Female,13.05.2022
206,Querida,Percifer,21.09.2000,Female,24.02.2020
207,Ernst,Gillicuddy,15.02.1993,Male,09.07.2017
208,Phyllis,Brookes,19.06.1998,Female,06.11.2019
209,Conchita,Tyers,25.10.1992,Female,11.09.2022
210,Gavra,Orpin,30.12.1996,Female,10.05.2022
211,Pearline,Cockling,10.03.1997,Polygender,08.12.2019
212,Iosep,Drewery,10.02.1992,Male,10.09.2018
213,Charis,Axcell,28.04.1991,Female,06.10.2021
214,Weber,Rapaport,29.01.1994,Bigender,11.07.2017
215,Linda,Plessing,22.09.1995,Female,13.09.2019
216,Elana,Elix,11.09.1991,Female,08.09.2022
217,Jock,Blanc,10.06.1995,Male,14.02.2022
218,Kennan,Vernazza,19.01.1998,Male,11.06.2021
219,Odell,Trathan,08.06.1998,Male,18.01.2020
220,Hatty,Fanti,28.05.1991,Female,12.05.2018
221,Mariam,Berndsen,21.08.1993,Genderqueer,01.10.2018
222,Joletta,Frugier,21.01.2000,Female,10.05.2021
223,Ram,Nutter,27.03.2000,Male,03.06.2021
224,Kelley,Pirson,05.12.1997,Male,02.06.2019
225,Immanuel,Norgate,16.05.1994,Polygender,21.11.2019
226,Kristine,Barkess,26.09.1999,Female,01.02.2022
227,Adara,Seagrove,15.10.1993,Female,03.03.2020
228,Justinn,Bannell,01.07.1991,Female,30.05.2020
229,Leeanne,Vidloc,26.07.1993,Female,01.08.2018
230,Ursuline,Quade,17.10.1996,Female,03.04.2020
231,Helaine,Signorelli,28.02.1991,Female,08.03.2021
232,Jada,Standering,26.09.2000,Female,25.12.2015
233,Laney,Tallach,19.12.1993,Male,28.12.2016
234,Jacklin,Goodbarne,14.01.1994,Female,06.09.2019
235,Rahal,Pirson,24.12.1991,Female,04.08.2018
236,Dean,Beekman,19.07.1993,Male,12.05.2021
237,Jeniece,Pudney,31.08.1994,Female,24.08.2017
238,Luis,Arderne,08.08.1993,Male,11.09.2016
239,Loutitia,Batrim,03.03.1995,Female,07.06.2019
240,Kaitlyn,Kleisel,21.02.1996,Female,18.02.2018
241,Carroll,Rubinowicz,07.02.1998,Male,17.11.2017
242,Randi,Harbar,03.03.1993,Female,25.08.2017
243,Isidora,Maton,09.12.1990,Genderfluid,17.11.2015
244,Junette,MacColm,29.10.1994,Female,04.01.2019
245,Kittie,Mothersole,21.02.1997,Female,28.01.2017
246,Darnall,Loader,16.03.1997,Male,06.01.2017
247,Vale,De Cruze,29.01.1993,Female,27.10.2015
248,Rozelle,Duffitt,27.09.2000,Female,16.03.2016
249,Randi,Lagen,01.08.1993,Female,30.01.2021
250,Abey,Wolfart,31.05.1993,Male,05.02.2017
251,Florette,Sigars,23.07.2000,Female,08.11.2020
252,Corey,Kenlin,24.07.1994,Female,14.11.2016
253,Sophie,Darrigone,01.07.1999,Female,09.03.2022
254,Neall,Humbert,28.11.1990,Male,07.07.2019
255,Rolph,Spaunton,15.06.1991,Male,03.12.2019
256,Dallas,Pedersen,04.11.1991,Female,15.02.2018
257,Lars,Gatrill,23.05.1995,Male,09.03.2017
258,Noe,Goulder,05.11.1991,Male,23.01.2021
259,Bobina,Hackforth,29.09.1998,Female,23.05.2016
260,Wilbur,Golt,18.10.1995,Male,03.09.2021
261,Hana,Rimour,06.09.1997,Female,14.03.2019
262,Ivett,Harroway,14.06.1998,Genderfluid,09.08.2019
263,Roselin,Drakard,27.11.1993,Female,22.11.2018
264,Aubrey,O'Caherny,19.01.1991,Male,21.10.2019
265,Aron,Dymott,02.01.1991,Male,07.08.2017
266,Kerry,Gentner,24.12.1994,Male,15.03.2022
267,Dunstan,Simondson,01.01.1999,Male,24.02.2017
268,Silvester,Welldrake,02.01.1994,Male,02.12.2021
269,Hannie,Dallemore,13.07.1999,Female,12.08.2017
270,Catlaina,Bishell,21.07.1991,Polygender,07.01.2020
271,Lacy,Camidge,12.06.1992,Female,16.09.2021
272,Eduardo,Volonte,23.03.1997,Polygender,25.12.2021
273,Grier,Berriman,12.03.1995,Female,29.03.2019
274,Kiele,Munroe,18.02.1992,Female,27.06.2022
275,Zebulen,Selborne,21.10.1992,Male,15.10.2021
276,Tilda,Driscoll,22.04.1994,Female,25.07.2018
277,Patty,Kelberman,04.12.1991,Female,22.01.2020
278,Andee,Sulley,28.03.2000,Female,30.06.2018
279,Nananne,Van der Beek,09.11.1998,Female,23.02.2022
280,Rollins,Ewers,29.02.2000,Male,30.05.2018
281,Ana,Longo,22.02.1999,Genderfluid,01.02.2021
282,Flinn,Bavridge,27.11.1992,Male,13.02.2020
283,Jewel,Clymer,18.12.1991,Genderfluid,29.12.2015
284,Skelly,Lethcoe,04.07.1999,Male,02.11.2019
285,Erastus,Cowndley,25.08.1993,Male,06.03.2016
286,Kerri,Ricoald,12.06.1999,Female,11.03.2018
287,Sonnnie,Colwell,31.12.1992,Female,11.04.2016
288,Thaddeus,Berrow,10.08.1994,Male,17.11.2019
289,Wilie,Scardifeild,25.03.1998,Female,06.10.2018
290,Amandi,Castanyer,22.11.1994,Female,08.08.2022
291,Russ,Hurring,08.05.1991,Male,06.02.2021
292,Dagny,Troke,02.10.1999,Male,19.05.2020
293,Callean,Leeburne,05.03.1996,Male,10.08.2017
294,Zea,Puckham,20.10.1994,Genderfluid,28.08.2018
295,Cymbre,Shorthouse,06.07.2000,Female,18.06.2022
296,Crichton,Niblo,09.04.1992,Male,28.03.2022
297,Laryssa,Waterfall,14.07.1991,Female,14.12.2020
298,Vale,Aird,07.01.1993,Male,16.08.2019
299,Iosep,Wallington,19.12.1995,Male,23.09.2020
300,Rutger,Hutcheon,10.11.1993,Male,22.03.2018
301,Deerdre,Quarrell,13.08.1992,Genderqueer,22.08.2016
302,Christopher,Du Plantier,19.07.1997,Male,22.03.2017
303,Anya,Lapides,17.04.1998,Female,10.07.2017
304,Elva,Tune,28.08.1999,Female,26.11.2017
305,Conchita,Tatton,16.01.1994,Female,26.06.2017
306,Angelo,Pittoli,17.04.1996,Male,13.10.2021
307,Guenna,Walshe,09.11.1990,Female,15.06.2016
308,Gustav,Thundercliffe,31.01.1997,Male,15.04.2016
309,Merwyn,Sellner,26.06.1996,Male,13.11.2019
310,Mirabelle,Tyrwhitt,07.12.1994,Female,26.01.2022
311,Moritz,Amoss,30.05.1995,Male,24.12.2015
312,Doyle,Snap,26.02.1998,Male,20.02.2017
313,Thorn,Varnals,07.03.1998,Male,01.01.2017
314,Burton,Leathes,14.06.1993,Male,18.04.2017
315,Quent,St. Quintin,14.12.1998,Male,17.04.2022
316,Ulric,McGilmartin,21.07.1994,Male,15.10.2016
317,Niccolo,Comoletti,26.10.1998,Male,15.08.2016
318,Baily,Henrichs,10.06.1997,Male,12.04.2018
319,Auroora,Van der Linde,11.04.1994,Polygender,27.01.2020
320,Wilfrid,Paz,21.09.1991,Male,10.08.2020
321,Timothea,Streater,30.01.1998,Female,06.02.2020
322,Mandi,Pantecost,07.01.1997,Female,25.07.2022
323,Pennie,Brinkman,17.07.1993,Male,27.08.2021
324,Elden,Rowdell,22.12.1993,Male,07.06.2016
325,Alyosha,Pinniger,13.06.1998,Male,04.07.2017
326,Denise,Reboul,15.06.1993,Female,09.10.2019
327,Penrod,Barents,22.08.2000,Male,24.12.2017
328,Holly,Floodgate,19.08.1995,Male,11.04.2016
329,Gayle,Cutress,12.12.1995,Female,19.10.2022
330,Vonni,Westoll,12.11.1991,Non-binary,04.12.2021
331,Cassandre,Tudor,23.01.1995,Female,01.09.2021
332,Inigo,Bosnell,17.03.1993,Male,06.12.2016
333,Iosep,Godly,18.07.1997,Male,07.04.2016
334,Alexandr,Rathbone,03.10.1991,Male,16.09.2021
335,Irina,Jahn,09.04.1999,Female,01.09.2022
336,Mellisa,Mattisson,06.08.1995,Female,13.08.2017
337,Jo,Denney,21.06.1995,Male,03.07.2022
338,Cassie,Arboine,22.03.1991,Male,18.07.2021
339,Lev,Wonfor,04.05.1996,Male,19.05.2021
340,Lewiss,Ratray,19.01.1993,Male,25.12.2020
341,Joanna,Leetham,12.04.1998,Female,29.03.2016
342,Brig,Heims,19.10.1997,Male,22.01.2019
343,Ashely,Gerardet,10.04.2000,Female,16.10.2018
344,Urbanus,Quinevan,11.02.1993,Male,13.05.2017
345,Gleda,Yeandel,22.04.1996,Female,25.11.2018
346,Anny,Castlake,23.05.1997,Female,05.09.2021
347,Saba,Garmon,15.10.2000,Female,24.05.2022
348,Stanfield,Ferrarese,16.09.1995,Male,09.02.2022
349,Ludovico,Lettson,23.12.1999,Male,08.06.2019
350,Charlot,Goldring,30.12.1995,Female,17.11.2021
351,Garvy,Barden,01.07.1992,Male,21.03.2019
352,Reeva,Feldmus,27.11.1993,Female,22.01.2018
353,Sonny,Biermatowicz,19.09.1996,Bigender,18.12.2016
354,Carol,Banville,27.12.1994,Female,07.12.2017
355,Bobby,Laborda,02.11.1999,Female,05.12.2017
356,Otto,Ferrarello,17.08.1993,Genderqueer,23.03.2019
357,Amandi,Kingscote,14.06.1993,Female,06.06.2017
358,Bernardine,Galia,11.05.1995,Female,21.08.2016
359,Gwendolyn,Eede,23.11.1991,Female,27.12.2016
360,Dew,O'Callaghan,05.03.1995,Male,20.06.2017
361,Kattie,Cumbridge,15.02.1992,Female,26.02.2018
362,Teddie,Dowse,21.07.1999,Agender,12.05.2020
363,Katalin,Dunsmuir,04.08.1992,Female,31.01.2016
364,Wake,Pikhno,26.11.1997,Male,25.10.2019
365,Howie,Feron,04.02.1991,Male,31.10.2016
366,Carmella,Claypoole,19.07.1994,Female,09.02.2018
367,Terry,Satyford,25.02.1998,Male,08.10.2019
368,Romain,Bromage,28.02.2000,Male,04.04.2022
369,Brandtr,Gillow,06.08.1993,Male,30.05.2020
370,Hartley,Kirgan,26.04.1992,Male,09.03.2017
371,Kandy,Kopp,17.10.1993,Agender,06.07.2017
372,Courtnay,Howat,23.12.1992,Polygender,13.09.2020
373,Patrica,Wildes,19.06.1994,Female,23.05.2019
374,Heinrick,Preskett,13.08.1999,Male,03.01.2018
375,Jean,Garn,16.01.1999,Male,26.03.2021
376,Mareah,Aireton,17.08.1996,Female,31.08.2019
377,Lindsy,Hollingby,05.02.1998,Female,27.05.2020
378,Amaleta,Banat,27.06.2000,Female,13.09.2022
379,Neal,O'Hannay,24.05.1994,Male,03.04.2017
380,Levey,Dunhill,19.01.2000,Male,01.03.2018
381,Maisie,Messum,31.01.1997,Female,29.06.2020
382,Evey,Bealing,18.09.1994,Female,09.09.2021
383,Luisa,Moult,04.03.1994,Female,30.06.2022
384,Fabe,Truesdale,30.05.1995,Male,11.12.2016
385,Shermy,Kemery,25.11.1996,Male,31.12.2020
386,Olivia,Irvin,05.04.1996,Female,15.02.2018
387,Manfred,Eldin,27.05.1993,Male,30.10.2021
388,Blane,Woolmore,01.08.1996,Male,25.02.2020
389,Sibyl,Footitt,25.04.1996,Male,24.05.2018
390,Mariel,Roache,26.03.1991,Female,29.05.2017
391,Shae,Heining,19.04.1999,Male,07.10.2016
392,Kira,Arter,14.01.1994,Female,11.04.2020
393,Hank,Carless,15.02.1994,Male,26.12.2021
394,Vikky,Hallbord,08.06.1999,Polygender,13.11.2016
395,Leila,Boseley,06.01.1995,Female,07.03.2021
396,Peyter,Croy,10.06.1995,Male,18.11.2020
397,Tommie,Dable,04.05.1993,Female,02.06.2018
398,Sollie,Dumphrey,26.05.1996,Male,11.02.2018
399,Katherine,Dewdeny,04.11.1992,Female,06.11.2018
400,Lavina,Kornilov,25.11.1995,Non-binary,01.10.2017
401,Harry,Pargent,16.09.1993,Male,09.01.2020
402,Art,Knight,16.08.1992,Male,18.09.2019
403,Teodorico,Carwithan,14.07.1996,Male,14.10.2021
404,Ronnica,Wretham,03.02.1992,Female,05.02.2018
405,Chanda,Mish,01.10.1999,Female,13.06.2022
406,Roseann,Hargrove,05.12.1990,Female,10.06.2018
407,Payton,Ellaman,13.03.1996,Male,10.01.2016
408,Mommy,Bolgar,14.11.1993,Genderfluid,07.05.2017
409,Ellis,Swaile,19.06.2000,Male,03.03.2019
410,Tore,Andrysek,16.02.1991,Male,12.03.2016
411,Chrissie,Cattle,06.11.1997,Male,16.02.2020
412,Howard,Izkovici,01.01.1998,Male,02.06.2022
413,Amber,Ronaghan,18.11.1995,Female,20.09.2016
414,Beverley,Proby,20.05.1997,Female,26.10.2016
415,Clementius,Gransden,06.05.1992,Male,05.09.2018
416,Barbra,Dionis,20.08.1995,Female,17.04.2021
417,Jaime,Liepins,20.12.1998,Genderfluid,24.01.2018
418,Genni,McKenzie,02.07.2000,Female,13.10.2018
419,Courtnay,Rayhill,29.09.1999,Female,28.01.2018
420,Lillian,Northing,05.09.1992,Female,19.08.2020
421,Karoly,Djorevic,27.08.1995,Female,16.02.2021
422,Maddie,McConachie,27.09.2000,Male,03.12.2016
423,Denny,Jenkins,29.12.1993,Female,01.12.2021
424,Hope,Glennard,24.11.1998,Female,14.10.2017
425,Cosme,Landsborough,26.02.2000,Male,28.01.2016
426,Jessika,O' Hern,16.01.1999,Female,18.02.2018
427,Goraud,Lydon,08.01.1997,Agender,23.02.2017
428,Nessi,Braizier,10.05.1995,Female,22.06.2021
429,Rogers,Richmond,25.06.1991,Male,25.06.2019
430,Niki,Mourbey,20.06.1996,Bigender,20.07.2018
431,Fifine,Greson,12.04.1997,Female,16.01.2020
432,Kitti,Prenty,24.05.1999,Female,07.11.2017
433,Pace,Marklund,04.06.1993,Male,31.03.2021
434,Georg,Haskell,07.07.1999,Bigender,11.02.2018
435,Thornton,Senecaux,05.03.1997,Male,21.04.2022
436,Friedrick,Everist,25.12.1995,Male,22.02.2019
437,Marylinda,Mishow,28.12.1998,Female,14.05.2022
438,Ferrell,Tall,23.11.1992,Male,13.01.2020
439,Elisabet,Braxay,06.03.1996,Female,09.11.2016
440,Perceval,Cushelly,24.10.1992,Male,14.12.2018
441,Raimondo,Caves,30.05.1992,Male,20.05.2017
442,Lynn,Chopin,04.08.2000,Male,04.08.2017
443,Simone,Ugolotti,08.06.1997,Male,18.01.2021
444,Jemmie,Ledster,02.02.1993,Female,01.04.2016
445,Devlen,Radford,24.01.2000,Male,20.09.2017
446,Reeta,Harnetty,12.09.1991,Female,24.07.2020
447,Travus,Quartermain,06.04.1998,Male,29.03.2022
448,Jermayne,Budding,23.03.1994,Male,24.06.2016
449,Ebenezer,Starrs,23.09.1998,Non-binary,30.12.2016
450,Markos,Teulier,02.09.1991,Male,20.06.2017
451,Elke,Crunden,09.03.1996,Female,03.11.2021
452,Hynda,Fieldstone,26.11.1997,Female,26.05.2016
453,Thorin,Gebb,12.11.1996,Male,28.08.2016
454,Mychal,Kingzeth,13.10.1993,Male,06.12.2020
455,Dacy,Pearsey,30.10.1994,Female,03.04.2021
456,Harman,Shearme,19.06.1992,Male,22.09.2018
457,Leland,Garnsey,09.06.1992,Male,23.03.2017
458,Betteanne,Yabsley,11.08.2000,Female,22.02.2020
459,Sherm,Bowyer,30.03.1991,Male,31.01.2018
460,Giacopo,Spraggs,16.11.1993,Male,05.02.2016
461,Clair,Plows,15.02.2000,Female,09.12.2021
462,Carolyne,Kemme,28.06.1996,Female,20.11.2018
463,Eal,Lomax,30.01.1993,Male,05.01.2017
464,Zulema,Westmerland,18.09.1998,Female,03.02.2016
465,Cristina,Sennett,02.02.1993,Female,28.03.2017
466,Chrystal,Cranny,12.10.1996,Bigender,13.12.2016
467,Robby,Singh,23.05.1992,Genderqueer,02.11.2020
468,Sargent,Plaskitt,11.06.1999,Male,18.08.2016
469,Ezra,Dutch,03.09.1993,Male,28.06.2022
470,Rinaldo,Hurring,12.07.1996,Male,29.03.2016
471,Kasper,Jeduch,10.02.1998,Male,08.08.2019
472,Benedick,Matthias,03.03.1997,Male,14.11.2021
473,Millisent,Morais,29.12.1999,Female,05.01.2017
474,Herbie,Jobling,31.05.1998,Male,08.04.2016
475,Hershel,Meriot,07.10.1991,Male,24.07.2018
476,Judy,Fonso,06.10.1999,Female,19.01.2018
477,Ami,Earwicker,06.09.1991,Female,14.11.2021
478,May,Muffen,08.09.1993,Female,04.10.2018
479,Kevina,Von Hindenburg,09.05.1996,Female,25.02.2019
480,Skippie,Enticknap,16.05.1994,Male,26.04.2016
481,Ashlin,Falconer,25.08.1993,Male,25.10.2016
482,Thain,Carlucci,18.04.1996,Male,16.01.2020
483,Werner,Campany,29.08.1997,Male,03.02.2022
484,Maritsa,Preene,08.01.1999,Female,08.04.2017
485,Fredek,Bettington,28.09.1994,Male,11.01.2017
486,Noelle,Bugler,18.11.1999,Female,08.11.2018
487,Cozmo,Kilbourn,07.08.1991,Male,14.02.2020
488,Anni,Sall,04.06.1996,Female,29.09.2018
489,Petey,Rove,28.12.1992,Male,05.02.2022
490,Boony,Yateman,08.11.1993,Male,30.11.2017
491,Codie,Jimenez,08.12.1996,Female,21.01.2022
492,Mordecai,Garlant,09.06.1998,Male,08.05.2018
493,Shina,Stollenbeck,16.10.1991,Female,20.03.2020
494,Quintina,Marrows,26.04.1992,Female,04.07.2016
495,Heindrick,Ovitz,08.02.1993,Male,12.11.2020
496,Chandler,Leinster,13.03.1994,Male,20.08.2018
497,Aviva,Melrose,01.06.1996,Female,30.12.2018
498,Bobette,Firman,21.02.1994,Female,04.03.2022
499,Josepha,Litster,19.12.1996,Female,28.02.2019
500,Camilla,Davidy,14.05.1993,Female,28.09.2018
501,Woodrow,Chesworth,28.01.1997,Male,12.02.2018
502,Benny,Vatcher,02.09.1996,Genderfluid,31.01.2020
503,Rozalie,Shickle,11.05.1997,Female,18.03.2021
504,Ira,Searsby,20.01.1995,Female,28.02.2022
505,Morly,Burnitt,13.04.2000,Male,22.01.2016
506,Lanny,Garner,12.10.1993,Female,22.06.2016
507,Nat,Almak,02.04.1991,Male,31.05.2018
508,Buffy,Coger,10.10.1995,Female,01.11.2017
509,Herculie,Hadland,02.10.1994,Male,04.11.2019
510,Esme,Corbould,29.04.1991,Male,09.04.2018
511,Curry,Montier,05.02.1998,Male,19.04.2022
512,Royce,Muskett,27.05.2000,Male,03.10.2017
513,Margret,Birkenshaw,29.06.1995,Female,16.01.2018
514,Elyssa,Missington,28.05.1998,Female,14.05.2019
515,Reed,Dew,05.10.1998,Genderfluid,13.12.2018
516,Cedric,Waggett,13.03.1994,Male,20.03.2022
517,Oliver,Kneesha,28.05.1995,Male,06.03.2016
518,Cyrillus,Nellen,24.10.1998,Male,27.09.2021
519,Benedetto,Colomb,27.01.1995,Male,09.03.2022
520,Ashlen,Pifford,31.08.2000,Female,11.01.2017
521,Quillan,Knox,13.01.1997,Male,14.03.2019
522,Philipa,Smallsman,22.11.1998,Female,03.05.2020
523,Ewart,Dockrill,14.07.1997,Male,19.01.2021
524,Neville,Joy,15.10.1995,Male,18.10.2022
525,Aloise,Jorden,24.01.2000,Bigender,08.02.2017
526,Jackquelin,Bushnell,12.09.2000,Female,02.06.2017
527,Janaya,Donaway,04.10.1995,Female,04.08.2021
528,Talbert,Wenden,07.12.1991,Male,27.09.2019
529,Hervey,Billo,16.04.1995,Bigender,30.09.2020
530,Minerva,O'Dunneen,27.11.1999,Female,24.06.2016
531,Cybil,Folbig,21.05.1993,Female,27.02.2018
532,Sharl,Gresley,13.05.1992,Female,13.11.2021
533,Esmeralda,Lukash,21.09.1995,Female,16.09.2019
534,Norrie,Kellegher,25.11.1991,Non-binary,19.08.2017
535,Gallagher,Bowld,19.11.1992,Male,30.12.2021
536,Daisey,Presswell,17.03.1996,Female,24.04.2021
537,Lia,Barhams,26.09.2000,Female,10.11.2018
538,Skipper,Mulderrig,30.04.1998,Male,02.10.2020
539,Basilio,Basham,03.12.1996,Male,05.07.2020
540,Elvis,Beese,04.05.1993,Male,12.10.2016
541,Tabb,Rumming,11.11.1998,Male,15.08.2022
542,Giorgio,Folbigg,13.10.1999,Male,28.09.2021
543,Basile,Parsley,16.05.1994,Male,12.12.2016
544,Anne,Huckle,21.09.1998,Female,01.08.2017
545,Natty,Stebbings,01.08.1996,Male,13.06.2018
546,Lotty,Du Barry,25.06.1992,Female,09.06.2016
547,Maybelle,Jakeman,30.09.1994,Female,09.05.2021
548,Catherina,Bartolomeo,16.05.1994,Female,16.02.2019
549,Griz,Challens,19.05.1994,Male,16.12.2018
550,Seamus,Chesterton,01.04.1994,Male,20.01.2021
551,Laurel,Stump,11.08.1995,Female,28.02.2016
552,Toni,Stears,06.10.1992,Female,09.06.2016
553,Brenden,Deabill,19.07.1994,Male,20.05.2017
554,Drona,Kenwyn,25.12.1997,Female,10.03.2016
555,Max,Filyashin,22.11.1993,Male,07.11.2021
556,Nedda,Kilvington,12.09.1993,Female,03.03.2021
557,Liesa,Stothert,27.03.1995,Female,19.06.2016
558,Olva,Meadmore,30.12.1993,Female,19.07.2017
559,Tove,Stabler,19.09.1994,Female,07.04.2016
560,Humfrey,Cathery,07.10.1999,Male,09.11.2020
561,Rori,Costanza,24.03.1997,Female,03.10.2020
562,Ruthann,Melson,05.04.1996,Female,01.09.2021
563,Melodie,Fibbens,26.05.1999,Female,01.08.2020
564,Loni,Gilder,02.03.2000,Female,14.08.2019
565,Myrlene,McInulty,04.08.1991,Female,01.07.2019
566,Margalo,Becks,07.05.1997,Female,28.04.2021
567,Camella,Culwen,12.04.1994,Female,26.07.2022
568,Daloris,Cardenas,07.07.1994,Female,30.07.2016
569,Letitia,Godwin,01.11.1992,Female,08.12.2017
570,Jonell,Fudge,04.10.2000,Female,15.06.2022
571,Homere,Noller,22.03.1995,Male,05.03.2019
572,Nannie,Ruler,12.02.1994,Female,11.03.2018
573,Ferdy,Cavil,28.09.1995,Male,16.06.2022
574,Ramon,Rive,06.06.2000,Male,27.11.2018
575,Earl,Poe,24.01.1995,Male,12.11.2015
576,Zach,Le Strange,11.01.1991,Male,01.09.2020
577,Ki,Tweedlie,11.07.1996,Female,03.06.2016
578,Rand,Semmens,07.07.1991,Male,02.06.2017
579,Scotty,Edghinn,16.04.1996,Male,09.05.2018
580,Casandra,Whorlow,06.08.2000,Female,15.12.2017
581,Kristofer,Lloyd-Williams,16.04.1991,Male,16.02.2018
582,Charmian,Castell,12.10.1994,Female,19.11.2019
583,Muffin,Dunkerley,06.09.1991,Male,21.07.2022
584,Marice,Scroxton,06.02.1994,Female,24.05.2022
585,Pierette,Paddy,03.11.1999,Female,26.09.2020
586,Lorita,Di Biagi,23.06.1993,Female,28.06.2016
587,Abby,Sherrington,22.03.1995,Male,23.03.2019
588,Felecia,Theakston,13.05.1992,Female,17.10.2021
589,Skye,Guerre,28.05.1993,Male,18.12.2015
590,Lyndsey,Romayne,12.10.1998,Female,28.11.2018
591,Sigismund,Widdowson,25.04.1999,Male,29.01.2021
592,Monique,Buard,08.01.1995,Female,16.01.2021
593,Judon,Olivetta,12.10.1996,Male,07.09.2021
594,Valentine,Haselden,18.10.1996,Male,18.10.2016
595,Diane-marie,O'Scanlon,23.11.1993,Female,29.09.2016
596,Colet,Capozzi,07.05.1991,Male,01.08.2018
597,Reagan,Ladbrooke,26.08.1993,Polygender,04.02.2018
598,Alfonse,Pardew,12.12.1993,Male,02.08.2018
599,Etienne,Florio,27.08.1998,Male,30.06.2020
600,Hew,Clegg,08.09.1999,Male,16.01.2020
601,Kassey,Bohey,28.08.1992,Female,25.10.2018
602,Roxi,Iacofo,10.05.1992,Female,27.10.2021
603,Zared,Buckthorp,08.06.1993,Male,17.12.2015
604,Valencia,Amphlett,29.08.2000,Female,02.06.2020
605,Parke,Pascoe,26.09.1992,Male,25.02.2022
606,Madlen,Jordison,04.11.1999,Genderfluid,10.09.2022
607,Marrilee,McLanachan,31.08.1996,Female,21.08.2016
608,Giles,Desouza,24.11.1995,Male,18.10.2017
609,Vanya,Petris,11.03.1995,Female,25.02.2016
610,Conan,Solesbury,09.06.1994,Male,24.11.2020
611,Kilian,Whiting,08.12.1990,Agender,05.06.2020
612,Kiersten,Hartell,26.03.2000,Female,03.07.2021
613,Clare,Afonso,07.09.1996,Male,22.12.2017
614,Rolph,Russon,22.04.2000,Male,06.06.2020
615,Niel,Corck,08.10.1998,Male,23.10.2017
616,Mildred,MacGeffen,11.08.1999,Female,23.03.2021
617,Ludovika,Storm,04.03.1994,Female,08.07.2017
618,Kassia,Spritt,16.03.1997,Female,21.07.2022
619,Archibold,Harrigan,31.07.1997,Male,11.01.2017
620,Donny,O'Hollegan,22.08.1998,Male,25.12.2015
621,Maggie,Maffucci,29.12.1998,Female,26.10.2015
622,Tabbitha,Ivanchov,03.09.1994,Female,25.05.2018
623,Kit,Bocken,01.03.1996,Female,02.05.2016
624,Laney,Causier,05.11.1997,Male,28.03.2017
625,Eada,Bosma,19.12.1991,Female,10.03.2016
626,Valaria,Tommen,03.04.2000,Female,25.10.2018
627,Guy,Ferrand,09.04.1998,Male,21.02.2021
628,Farleigh,Jell,28.06.1999,Male,03.11.2015
629,Cherilynn,Bricklebank,01.01.1999,Female,03.05.2017
630,Keen,Bellanger,27.06.1995,Male,19.08.2020
631,Oren,Bezley,14.03.2000,Male,20.07.2018
632,Early,Jays,05.09.1991,Male,27.08.2017
633,Erwin,Lowndes,04.04.1995,Male,22.01.2019
634,Annis,Carhart,27.09.1994,Female,07.04.2021
635,Morey,Marcombe,15.05.1997,Male,09.05.2021
636,Gardener,Kelwaybamber,10.10.1993,Male,30.01.2021
637,Pepito,Dyke,20.08.2000,Male,08.06.2022
638,Meredithe,Kantor,25.04.1995,Female,25.03.2021
639,Tamma,Awton,13.12.1990,Genderqueer,27.04.2019
640,Toby,O'Flaverty,29.10.1995,Female,17.12.2018
641,Rosalie,Pisculli,22.06.1994,Female,26.05.2019
642,Cherey,Ciccetti,22.05.1998,Female,09.10.2022
643,Estevan,Skouling,07.06.1998,Male,03.12.2016
644,Magdalene,Petasch,16.11.1990,Female,07.03.2017
645,Gae,Baggallay,13.11.1997,Female,05.07.2020
646,Quincy,Asbrey,13.06.1998,Bigender,14.02.2017
647,Wallache,Limb,13.10.1996,Male,14.01.2019
648,Mozes,Cusick,11.02.1995,Male,07.03.2022
649,Alfie,Weildish,07.07.1995,Male,14.02.2020
650,York,Broddle,28.07.1997,Male,13.12.2018
651,Hinda,Antosik,21.11.1990,Female,07.03.2021
652,Janie,Satterley,09.10.1998,Female,06.10.2017
653,Rozamond,Purtell,21.05.1999,Female,16.09.2022
654,Gwenette,Monck,31.07.1994,Female,04.04.2020
655,Ginger,Dugdale,01.04.1997,Male,05.09.2018
656,Mitchell,Cavy,22.11.1999,Male,27.01.2022
657,Pearla,Lumox,08.01.1994,Female,30.05.2021
658,Earl,Sheards,04.03.1994,Male,06.01.2017
659,Jemimah,Middlemass,21.03.1991,Female,10.05.2017
660,Calypso,Verlinde,20.01.1994,Female,07.06.2017
661,Dell,Effnert,18.04.1999,Male,20.11.2016
662,Arlee,Woltering,26.04.1998,Female,16.01.2017
663,Major,Limpricht,11.04.1998,Male,21.04.2018
664,Reg,Joanaud,19.06.2000,Male,18.01.2017
665,Kip,Jakeway,24.11.1995,Male,03.11.2016
666,Kain,Seaking,31.07.1996,Male,07.04.2021
667,Reynard,Peile,12.02.1991,Polygender,23.08.2017
668,Florenza,Sammonds,07.11.1996,Genderfluid,10.03.2021
669,Marcelline,Geldeard,19.11.1990,Female,24.01.2016
670,Oralia,Feild,01.08.1993,Female,26.08.2022
671,Annis,Cordeiro,29.06.1995,Female,31.08.2020
672,Brnaba,Adamsky,12.12.1994,Male,13.04.2016
673,Rebecka,Cheetam,05.07.1997,Female,20.02.2016
674,Adams,Revens,13.12.1991,Male,11.04.2021
675,Kendall,Kendell,14.12.1995,Male,13.04.2021
676,Malvina,Burgoin,26.05.1996,Female,07.06.2019
677,Corbett,Dalrymple,23.10.1993,Male,31.05.2022
678,Alix,Oki,08.12.1990,Bigender,25.01.2021
679,Jilli,Ballach,18.05.1996,Genderqueer,20.01.2017
680,Corbet,Lie,05.04.1995,Male,03.04.2018
681,Muhammad,Orwell,18.02.1991,Male,31.08.2020
682,Ferd,Mulbry,10.07.1996,Male,01.09.2021
683,Catriona,Bernardos,14.10.1999,Non-binary,15.08.2017
684,Regine,Mc Meekan,13.03.1991,Female,30.10.2016
685,Opalina,Vouls,07.02.1998,Female,22.11.2020
686,Cassandry,Jerrome,31.05.1994,Female,18.03.2019
687,Fletcher,Eagling,22.06.2000,Male,17.11.2019
688,Nicolea,Bernardes,10.05.1992,Female,28.10.2021
689,Merci,Munns,06.02.1998,Female,14.02.2022
690,Hedda,Sephton,16.05.1993,Bigender,04.08.2016
691,Ami,Claxton,06.03.1992,Female,30.10.2018
692,Glyn,Teek,17.09.2000,Male,07.07.2018
693,Jasper,Clowney,03.06.1999,Male,06.09.2016
694,Verile,Briztman,07.07.1999,Non-binary,14.07.2018
695,Davy,Fears,12.08.2000,Male,11.11.2018
696,Albertina,Marran,10.12.1992,Female,22.06.2016
697,Welby,Colkett,03.10.1992,Male,22.07.2016
698,Darcy,Dawidowsky,09.03.1994,Male,30.06.2020
699,Elbertine,Mohan,07.08.1995,Female,11.06.2018
700,Shandee,Edmonstone,16.01.1995,Female,21.03.2022
701,Daisi,De Filippo,19.11.1992,Female,25.03.2017
702,Otis,Hazeldean,29.12.1999,Male,16.08.2021
703,Derby,Skinn,26.11.1990,Bigender,25.10.2021
704,Marijn,Mustill,23.12.1993,Male,21.01.2017
705,Graeme,Ebourne,20.09.1992,Male,31.12.2017
706,Lotta,Dedmam,07.12.1996,Female,22.04.2019
707,Marya,Vsanelli,19.07.1997,Female,09.01.2017
708,Belvia,Reedy,04.06.1996,Female,28.09.2018
709,Victor,Rathbone,17.04.1999,Male,31.01.2021
710,Hinda,Dewick,11.07.1999,Female,10.06.2021
711,Vida,Dennerly,22.04.1993,Female,28.01.2016
712,Nadya,Pim,02.11.1999,Female,06.11.2019
713,Sullivan,Magnar,24.10.1992,Male,06.02.2017
714,Caldwell,Dye,10.07.1999,Male,16.05.2021
715,Augustine,Gathercole,21.09.2000,Female,31.10.2020
716,Osbourn,Avramovich,03.08.1995,Male,29.04.2021
717,Nicoli,Olivella,13.09.2000,Female,23.03.2016
718,Stern,Denecamp,28.11.1994,Male,25.01.2020
719,Nichols,Kelsey,23.10.1995,Male,20.05.2020
720,Gael,Capozzi,26.10.1999,Male,24.07.2021
721,Zorine,Snellman,22.12.1998,Female,04.05.2021
722,Jamaal,Haddleston,29.06.1991,Male,12.10.2016
723,Dorolisa,Pashen,19.04.1995,Female,16.10.2022
724,Clair,Itzchaki,01.12.1995,Genderqueer,25.11.2017
725,Burt,Rhoades,30.06.2000,Male,27.11.2016
726,Walther,Artis,17.10.1998,Male,23.02.2019
727,Dino,Andresser,03.09.1993,Male,26.09.2019
728,Earvin,Follin,06.11.1994,Male,16.08.2021
729,Patrizia,Rowling,16.07.1997,Female,18.04.2017
730,Ryun,Edlestone,06.04.1997,Male,05.05.2017
731,Aleta,Graveson,06.05.1999,Female,07.02.2017
732,Timothee,Boribal,27.04.1993,Male,12.02.2020
733,Kara-lynn,McGrale,18.08.1995,Genderfluid,22.04.2019
734,Lucho,Isakson,19.06.1997,Male,22.11.2021
735,Shelby,Clapton,16.06.1991,Female,15.09.2016
736,Harald,Crimin,07.02.2000,Male,25.11.2019
737,Pierson,De Luna,26.09.1993,Male,08.05.2020
738,Vin,Chippendale,07.03.1991,Female,20.07.2017
739,Alric,Durling,25.05.1998,Male,18.04.2020
740,Addie,Huller,17.08.1993,Female,15.02.2022
741,Ortensia,Breddy,03.11.1994,Female,20.09.2021
742,Bevon,Grayling,06.11.1990,Male,19.12.2016
743,Ina,Cuthbert,29.12.1995,Female,20.08.2021
744,Gabriella,Driscoll,06.07.1993,Female,23.07.2018
745,Harriette,Klemensiewicz,11.07.1992,Female,26.09.2019
746,Haywood,Tuxwell,11.08.1991,Male,18.08.2021
747,Caldwell,Bridgwood,09.04.1992,Male,30.07.2016
748,Sarene,Jerwood,22.03.1994,Female,06.10.2018
749,Julissa,Leathlay,08.07.1995,Female,19.11.2021
750,Letty,MacDearmid,26.02.2000,Non-binary,12.06.2022
751,Felisha,Dinesen,13.05.1992,Female,11.06.2021
752,Demetra,Mattheus,31.01.2000,Female,11.03.2017
753,Appolonia,Zouch,27.03.1997,Female,25.12.2020
754,Carlie,Di Ruggiero,28.07.1999,Male,10.08.2021
755,Krysta,Willetts,12.09.1996,Female,10.07.2022
756,Ailey,Martineau,30.11.1997,Female,26.10.2015
757,Bird,Andreix,08.03.1997,Female,29.01.2021
758,Ainsley,Denacamp,09.09.1999,Female,03.04.2019
759,Roley,Darnell,05.09.1991,Male,20.11.2020
760,Corabella,Chitson,22.05.1997,Female,26.04.2022
761,Rey,Tregenza,05.12.1993,Male,13.03.2016
762,Ula,Searight,28.05.1995,Female,08.10.2022
763,Scarface,Keymar,11.10.1996,Male,06.02.2018
764,Hughie,Ferens,06.01.1993,Male,06.06.2017
765,Crissie,Gibling,11.05.1994,Female,09.05.2020
766,Damian,Salamon,20.03.1997,Male,17.08.2020
767,Lydon,Bottlestone,03.03.1997,Male,02.01.2020
768,Courtney,Heintzsch,03.06.1995,Female,16.05.2022
769,Casey,Fildes,20.06.1994,Male,28.05.2020
770,Fraser,Mongeot,11.04.2000,Agender,23.08.2017
771,Cassie,MacRury,11.04.1995,Polygender,31.05.2021
772,Abrahan,Chasier,26.05.1997,Male,19.12.2017
773,Friederike,Mulqueen,04.12.1993,Female,11.12.2015
774,Salvatore,Everill,11.05.1999,Non-binary,20.08.2016
775,Aube,Drury,14.08.1998,Male,27.06.2022
776,Kordula,Domone,24.03.1996,Polygender,06.07.2017
777,Krystyna,Batecok,04.09.1992,Female,28.07.2021
778,Balduin,Stott,23.03.1997,Male,12.03.2022
779,Olin,Greson,09.06.1995,Male,29.10.2015
780,Durant,Bucklee,06.08.1993,Male,27.11.2016
781,Samuele,Bath,23.07.1996,Male,13.05.2016
782,Dannie,Malley,01.12.1990,Female,10.02.2018
783,Boy,Geraldo,11.07.1998,Male,10.09.2022
784,Gill,Mosedill,12.02.1998,Genderqueer,01.09.2017
785,Hebert,Andraud,20.03.1996,Male,24.04.2018
786,Rowena,Licence,27.07.1998,Female,14.11.2018
787,Betsey,Eaves,17.07.1995,Female,03.01.2019
788,Lowrance,Ivatt,13.10.1995,Male,05.01.2022
789,Pietrek,Valente,06.08.1991,Male,03.09.2020
790,Blakelee,Douberday,08.11.1990,Female,30.11.2019
791,Shandee,McWilliam,29.01.1994,Female,08.06.2019
792,Cyrillus,McFadden,30.05.2000,Male,18.12.2020
793,Helyn,Bails,22.12.1999,Female,04.07.2018
794,Gavin,Audus,22.01.1995,Male,20.11.2018
795,Rabi,Bucham,13.03.1999,Male,27.06.2022
796,Monte,Snowden,18.07.1993,Male,16.04.2017
797,Ludovika,Tatam,09.09.1998,Female,27.04.2017
798,Haleigh,Macrae,24.10.1991,Male,31.03.2016
799,Anatol,Higgonet,23.10.1992,Male,13.02.2016
800,Daisey,Vaughan-Hughes,01.08.2000,Female,07.09.2017
801,Irv,Adin,11.01.1995,Male,23.01.2021
802,Maia,Kosiada,25.03.1992,Bigender,17.12.2016
803,Freddy,Eul,14.01.1993,Female,02.01.2018
804,Harcourt,Bysouth,26.12.1994,Male,24.04.2019
805,Hubey,Hockey,08.05.2000,Male,12.04.2017
806,Delmore,Ropking,31.01.1991,Male,01.07.2016
807,Rinaldo,Jolly,06.09.1997,Male,03.04.2019
808,Phil,Timewell,17.12.1992,Genderqueer,31.10.2016
809,Cyrille,Eilhersen,08.08.1995,Male,15.02.2021
810,Xylina,Fearby,29.06.1997,Female,29.11.2018
811,Corri,Downton,23.04.1994,Female,26.01.2018
812,Brynne,Conybear,02.06.1997,Female,29.12.2019
813,Giustina,Deyes,19.01.2000,Female,06.03.2022
814,Turner,Geratasch,05.07.1998,Male,02.11.2018
815,Robinet,Guidini,13.11.1999,Male,22.06.2019
816,Camala,Assad,19.12.1994,Female,07.01.2016
817,Cristal,Pancoust,22.11.1999,Female,08.02.2019
818,Chuck,Bouts,17.06.1999,Male,08.10.2019
819,Giffy,Menendez,13.10.1995,Polygender,05.06.2019
820,Oren,Brigstock,23.06.1992,Male,05.09.2016
821,Fannie,Faulo,21.01.1995,Female,01.09.2019
822,Averil,Wilby,25.06.1993,Male,22.09.2021
823,Kat,Pauncefoot,30.03.1999,Female,19.02.2016
824,Storm,Eynaud,30.11.1994,Female,07.03.2021
825,Ashly,Reiling,24.10.1990,Female,10.04.2022
826,Obadias,Salerg,13.12.1994,Male,18.06.2019
827,Tabor,Woodruffe,05.01.1995,Male,07.08.2018
828,Odessa,Shortin,18.02.1991,Female,06.09.2022
829,Lennard,McClaughlin,03.01.1997,Male,16.02.2016
830,Vivianna,Ingold,21.09.1991,Female,31.07.2020
831,Catlin,Billin,18.12.1995,Female,26.07.2019
832,Gerome,Bonn,21.07.1992,Male,17.01.2018
833,Flossy,Ducker,29.03.1999,Female,31.12.2019
834,Belia,Ruffler,05.07.2000,Female,29.04.2020
835,Rubie,Meates,05.03.1997,Female,01.07.2017
836,Ambrosius,Acton,17.12.1994,Agender,04.04.2019
837,Jonathon,Kealey,10.07.1991,Male,12.11.2019
838,Jaimie,Jukes,29.11.1995,Male,09.06.2017
839,Mallorie,Lindwall,29.06.1998,Female,25.02.2017
840,Izaak,Ziemens,04.11.1996,Male,12.12.2018
841,Katinka,Coghlan,27.05.1995,Female,22.05.2017
842,Bailey,Piddington,11.12.1990,Genderfluid,04.12.2015
843,Abeu,Rucklidge,17.03.1993,Male,20.06.2019
844,Jorrie,Chilley,25.06.1997,Female,27.01.2018
845,Colleen,Callaby,24.09.1993,Bigender,18.07.2021
846,Concordia,Kemer,16.02.1998,Female,13.07.2017
847,Lorilyn,Carrett,06.01.1996,Female,09.11.2018
848,Munroe,Baldung,05.08.1994,Male,23.02.2020
849,Cheston,Petigrew,12.03.1991,Male,27.03.2022
850,Chandler,Rioch,01.05.2000,Male,27.12.2017
851,Janot,Marchent,15.09.1993,Female,14.01.2017
852,Madelin,Rantoull,07.06.1992,Genderfluid,01.10.2021
853,Hadrian,Brockhurst,19.01.1998,Male,09.12.2020
854,Ellen,Gracewood,11.05.1994,Female,12.11.2021
855,Bambie,Slesser,16.12.1998,Female,10.07.2016
856,Tuckie,Maher,18.02.1998,Male,27.06.2020
857,Maynord,Sheryne,01.04.1995,Male,13.04.2021
858,Shana,Dove,14.02.1996,Female,18.08.2019
859,Shaw,De Benedetti,02.09.1992,Male,05.05.2019
860,Ardeen,Jehaes,08.05.1999,Female,16.12.2016
861,Farrel,Muston,23.09.1998,Male,14.09.2016
862,Cecilio,Di Matteo,15.12.1994,Polygender,13.09.2017
863,Judye,Dalgety,22.07.1999,Genderfluid,25.12.2017
864,Ely,Manthorpe,02.07.1999,Male,07.10.2017
865,Ferrel,Scay,17.10.1997,Male,19.09.2020
866,Maurizia,Cowe,09.09.1995,Female,03.04.2021
867,Mycah,Smallshaw,11.12.1998,Male,28.08.2019
868,Brok,McReynolds,18.07.1997,Male,30.01.2019
869,Gardiner,Dran,07.09.1994,Male,21.04.2022
870,Ezekiel,Faucett,25.01.1997,Male,03.07.2022
871,Jorgan,Kershaw,06.02.1998,Male,10.08.2016
872,Barty,Capron,29.05.1994,Male,26.08.2019
873,Coleman,Chue,17.08.1993,Male,21.03.2016
874,Karel,Tingey,28.10.1995,Male,28.03.2019
875,Maggi,Mulryan,19.04.1994,Female,16.09.2020
876,Tammi,Whetnell,04.10.1997,Female,22.03.2020
877,Michaella,Dobrowolski,16.08.1995,Female,13.04.2022
878,Curtice,Bonefant,07.07.1992,Male,03.07.2022
879,Donnajean,Murr,27.08.1992,Female,14.04.2019
880,Margarette,Raubenheimers,08.10.1998,Female,25.04.2016
881,Suzi,Dillamore,06.01.1995,Female,30.11.2019
882,Katalin,Lidgate,08.07.1992,Female,08.04.2017
883,Halsey,Krink,17.05.1991,Bigender,12.04.2018
884,Noach,Knightley,24.06.1995,Male,01.09.2021
885,Lexine,Askaw,05.08.1996,Female,04.06.2017
886,Megan,Boyd,02.10.1998,Female,27.12.2015
887,Dev,O'Gready,20.03.1997,Male,02.01.2016
888,Towney,Mc Carrick,01.03.1993,Male,12.06.2017
889,Caty,Stolberger,10.06.1995,Bigender,18.06.2020
890,Anna-diana,Poynser,06.10.2000,Female,07.05.2021
891,Merwyn,Benditt,22.11.1995,Male,20.09.2021
892,Barnie,Bohin,04.06.1995,Male,29.06.2017
893,Kial,Kingstne,13.02.1994,Female,30.01.2022
894,Francklin,Blevin,22.02.1994,Male,22.09.2016
895,Luisa,Telfer,13.12.1993,Female,26.01.2018
896,Jami,Barley,18.09.1995,Female,29.04.2019
897,Ynez,Corbin,02.06.1996,Female,20.05.2017
898,Benedick,Elsmore,03.04.1994,Male,05.01.2017
899,Amata,Masarrat,28.01.1998,Female,04.07.2016
900,Pier,Szanto,28.10.1997,Female,29.11.2020
901,Royce,Legan,13.08.2000,Male,13.07.2016
902,Morey,Wardlaw,09.02.1997,Male,04.12.2019
903,Glendon,Jeffree,21.11.1996,Male,17.08.2019
904,Chiquita,Morphet,07.08.1997,Female,20.02.2018
905,Jacquelyn,Cleugher,27.07.1997,Female,04.08.2017
906,Christan,Elecum,10.08.1993,Genderqueer,03.06.2016
907,Wilow,Gainsburgh,12.01.1993,Female,28.05.2018
908,Hayward,Jeandeau,23.06.1997,Genderqueer,02.07.2017
909,Alfred,Franey,29.09.1992,Male,19.10.2021
910,Elbert,Simmonds,21.03.1996,Male,10.04.2022
911,Nissy,Berryman,27.03.1991,Female,21.01.2022
912,Cart,Jiruch,18.10.1998,Male,26.04.2018
913,Reggy,Cleeton,27.06.1997,Male,12.03.2021
914,Frances,Roostan,03.05.2000,Female,20.09.2021
915,Gregg,Reside,08.07.1998,Genderfluid,27.12.2017
916,Rodolfo,Ryles,27.01.1991,Male,12.09.2019
917,Nikolas,Braysher,02.05.1995,Male,16.03.2016
918,Rhona,Ethridge,17.07.1991,Non-binary,20.11.2019
919,Hilde,McGuinley,12.11.1992,Female,28.10.2020
920,Elana,Gillooly,18.07.1992,Female,06.06.2017
921,Elnora,Kimmerling,31.12.1993,Female,12.01.2017
922,Clayborne,Tooting,03.07.1995,Bigender,27.11.2015
923,Julee,Rowan,19.02.1995,Female,07.10.2016
924,Gabriello,Bruinsma,16.10.1997,Male,20.10.2022
925,Blair,Hext,06.10.1995,Female,28.08.2022
926,Obed,Cossins,11.06.1999,Male,27.04.2018
927,Jamal,Quantrell,05.06.1992,Male,10.07.2019
928,Dione,Hagley,31.05.1992,Female,09.02.2019
929,Cynthy,Darwen,13.10.1991,Female,20.09.2022
930,Ray,Smaleman,09.04.1992,Male,14.03.2017
931,Lucien,Taree,08.05.1999,Male,18.01.2018
932,Alvie,Bowland,04.05.1991,Male,02.12.2015
933,Aprilette,Orring,18.05.1993,Female,08.11.2017
934,Oriana,Balaisot,28.11.1995,Female,30.04.2016
935,Barney,Jahnel,05.03.2000,Genderfluid,01.01.2016
936,Rhonda,Labeuil,28.03.1993,Female,05.09.2018
937,Cleo,Haggidon,27.01.1997,Female,18.11.2019
938,Nolie,Gutridge,15.01.1993,Female,25.02.2018
939,Godfree,Haswall,25.11.1991,Male,27.06.2022
940,Bethanne,Bool,10.05.1998,Female,17.04.2022
941,Fanchette,Callender,06.03.1996,Female,28.08.2016
942,Almira,Bordis,22.09.2000,Female,26.07.2020
943,Adlai,Bass,07.12.1995,Male,07.11.2017
944,Chaunce,Laxtonne,16.10.1996,Male,06.06.2018
945,Christy,Leeves,07.08.1997,Male,11.07.2017
946,Wendye,Tabner,10.07.1998,Female,22.10.2016
947,Nataline,Conneau,30.12.1998,Female,31.10.2015
948,Isidoro,Mosedale,07.08.1995,Male,02.01.2019
949,Averill,Skeech,23.04.1993,Male,03.10.2020
950,Leoline,Buttery,26.10.1998,Female,01.08.2016
951,Clary,Bastian,07.10.1992,Polygender,13.03.2018
952,Brendon,Crumpe,23.06.1998,Male,01.02.2016
953,Fairleigh,Christy,25.08.1994,Male,10.05.2020
954,Melita,Muttitt,12.12.1993,Female,08.02.2021
955,Ginger,Raybould,30.01.1999,Female,18.05.2021
956,Daisie,Whightman,01.12.1994,Female,12.07.2021
957,Conan,Fido,31.10.1999,Male,27.04.2022
958,Anthe,Lathy,14.10.1996,Female,30.08.2022
959,Jillane,Shaylor,09.02.1994,Female,13.03.2022
960,Franny,Lithcow,30.03.1998,Male,06.09.2022
961,Addia,Brinkler,24.10.1994,Female,22.03.2016
962,Anstice,Toyne,15.03.2000,Female,07.04.2017
963,Serena,Ashbolt,26.10.1990,Female,13.04.2021
964,Gunner,Veneur,17.06.2000,Male,13.06.2019
965,Fredi,Goudy,23.04.1997,Female,20.12.2015
966,Terry,Coveley,08.12.1995,Female,02.06.2020
967,Pietro,Keppie,27.10.1997,Male,01.07.2022
968,Munroe,Tropman,27.11.1996,Male,04.12.2015
969,Doralyn,Everson,27.11.1996,Female,20.03.2016
970,Banky,Dakhno,13.02.1995,Male,14.07.2017
971,Alexis,Dalzell,19.03.2000,Female,10.06.2018
972,Kelila,Cherrie,21.01.1993,Female,28.10.2018
973,Remy,Tweedle,25.02.1999,Genderqueer,25.06.2021
974,Haleigh,Matiebe,21.06.1999,Male,10.05.2020
975,Adriano,Tomlins,20.09.1991,Male,26.08.2018
976,Curtice,Esser,06.08.1991,Male,06.03.2022
977,Winna,Mapis,27.09.1997,Female,23.05.2019
978,Humfried,Orrum,15.01.1991,Male,11.01.2021
979,Kerri,Cowins,10.12.1997,Female,27.03.2017
980,Terry,Formigli,21.04.1994,Female,01.07.2022
981,Dulcia,Carstairs,19.12.1994,Female,21.11.2016
982,Joshua,Normand,19.11.1997,Polygender,03.02.2020
983,Celinka,Heinsen,06.09.1993,Female,03.01.2018
984,Eyde,Boone,03.09.1999,Female,28.01.2016
985,Maridel,Ferrettini,25.12.1999,Female,11.04.2022
986,Weidar,Tuer,13.11.1993,Male,22.05.2019
987,Janela,Haselgrove,02.08.1994,Non-binary,23.12.2016
988,Bertha,Charrette,22.09.1993,Female,12.11.2019
989,Sadye,Martinovsky,04.11.1997,Female,01.10.2016
990,Dorette,Mulryan,17.08.1997,Female,31.12.2015
991,Essie,Mendoza,16.07.1992,Female,17.07.2020
992,Christyna,Guerri,16.01.2000,Female,19.08.2016
993,Sib,Merritt,17.09.1997,Female,20.02.2021
994,Cherye,Angood,21.01.1991,Female,21.07.2017
995,Laurence,Van Niekerk,26.01.1995,Male,09.09.2017
996,Ambrosius,Ivachyov,04.02.1996,Male,01.10.2020
997,Gerardo,Govini,09.05.1993,Male,24.04.2017
998,Garek,Hadwin,29.12.1995,Male,11.09.2018
999,Randie,Binge,19.06.1994,Male,20.05.2018
1000,Vinnie,Ells,03.07.1995,Male,08.12.2019
