job_id,title
1,Assistant Professor
2,Programmer I
3,Statistician II
4,Food Chemist
5,Quality Engineer
6,Administrative Assistant I
7,Environmental Tech
8,Speech Pathologist
9,Computer Systems Analyst IV
10,Senior Editor
11,Editor
12,VP Sales
13,Account Executive
14,Executive Secretary
15,Database Administrator I
16,Civil Engineer
17,Web Designer IV
18,Civil Engineer
19,Office Assistant III
20,Project Manager
21,Pharmacist
22,Paralegal
23,VP Sales
24,Payment Adjustment Coordinator
25,Compensation Analyst
26,Structural Engineer
27,Actuary
28,Environmental Tech
29,Pharmacist
30,Human Resources Manager
31,GIS Technical Architect
32,Analog Circuit Design manager
33,Recruiter
34,Sales Associate
35,Research Nurse
36,Nurse Practicioner
37,Account Representative III
38,Compensation Analyst
39,Project Manager
40,Chemical Engineer
41,Dental Hygienist
42,Structural Analysis Engineer
43,Marketing Assistant
44,Quality Engineer
45,Mechanical Systems Engineer
46,Developer II
47,Electrical Engineer
48,Occupational Therapist
49,Staff Scientist
50,Legal Assistant
51,Quality Engineer
52,Environmental Tech
53,VP Accounting
54,Systems Administrator IV
55,Financial Advisor
56,Quality Control Specialist
57,GIS Technical Architect
58,VP Product Management
59,Financial Analyst
60,Internal Auditor
61,Payment Adjustment Coordinator
62,Safety Technician IV
63,Senior Editor
64,Professor
65,Legal Assistant
66,Design Engineer
67,VP Product Management
68,Senior Developer
69,Human Resources Manager
70,Database Administrator II
71,Dental Hygienist
72,Senior Developer
73,Research Assistant II
74,Account Executive
75,Pharmacist
76,Physical Therapy Assistant
77,Engineer II
78,Research Assistant III
79,Clinical Specialist
80,Recruiter
81,Chemical Engineer
82,Physical Therapy Assistant
83,Food Chemist
84,Librarian
85,Web Designer IV
86,Payment Adjustment Coordinator
87,Statistician IV
88,Mechanical Systems Engineer
89,Data Coordiator
90,Environmental Specialist
91,Quality Control Specialist
92,Marketing Assistant
93,Compensation Analyst
94,Clinical Specialist
95,Help Desk Operator
96,Senior Quality Engineer
97,Speech Pathologist
98,Chief Design Engineer
99,Human Resources Manager
100,Sales Associate
101,Software Consultant
102,Accounting Assistant II
103,Research Assistant II
104,Human Resources Assistant II
105,Design Engineer
106,Help Desk Operator
107,Office Assistant II
108,VP Product Management
109,Software Engineer II
110,Software Consultant
111,Physical Therapy Assistant
112,Food Chemist
113,Geological Engineer
114,Accounting Assistant III
115,VP Accounting
116,Legal Assistant
117,Software Test Engineer I
118,Tax Accountant
119,Structural Analysis Engineer
120,Sales Representative
121,Senior Cost Accountant
122,Internal Auditor
123,Developer I
124,Geologist II
125,Senior Developer
126,Executive Secretary
127,Web Developer III
128,Developer IV
129,Legal Assistant
130,Safety Technician IV
131,Paralegal
132,Associate Professor
133,Junior Executive
134,Food Chemist
135,Editor
136,Nurse
137,Quality Control Specialist
138,Web Designer III
139,Staff Scientist
140,Director of Sales
141,Legal Assistant
142,Accounting Assistant III
143,Senior Quality Engineer
144,Staff Scientist
145,Food Chemist
146,Automation Specialist I
147,Environmental Specialist
148,Senior Financial Analyst
149,Cost Accountant
150,Clinical Specialist
151,Administrative Officer
152,Accountant IV
153,Actuary
154,Assistant Manager
155,Associate Professor
156,Data Coordiator
157,Environmental Specialist
158,Paralegal
159,Administrative Officer
160,Quality Control Specialist
161,Mechanical Systems Engineer
162,Financial Analyst
163,Nuclear Power Engineer
164,Chemical Engineer
165,GIS Technical Architect
166,Financial Analyst
167,Office Assistant III
168,Dental Hygienist
169,Biostatistician I
170,Assistant Professor
171,VP Marketing
172,Account Representative I
173,Recruiter
174,Computer Systems Analyst I
175,VP Quality Control
176,Community Outreach Specialist
177,GIS Technical Architect
178,Community Outreach Specialist
179,GIS Technical Architect
180,Programmer Analyst III
181,Software Consultant
182,Account Coordinator
183,Account Executive
184,Quality Control Specialist
185,Nurse
186,Director of Sales
187,Electrical Engineer
188,Computer Systems Analyst II
189,Librarian
190,Desktop Support Technician
191,Geologist III
192,Operator
193,GIS Technical Architect
194,Sales Associate
195,Web Developer I
196,VP Quality Control
197,Automation Specialist I
198,Senior Editor
199,Human Resources Manager
200,Automation Specialist II
201,Quality Engineer
202,Human Resources Assistant IV
203,Accountant III
204,Quality Engineer
205,Software Engineer III
206,Legal Assistant
207,Legal Assistant
208,Graphic Designer
209,Dental Hygienist
210,Statistician III
211,Cost Accountant
212,Human Resources Manager
213,Design Engineer
214,Nurse
215,Quality Engineer
216,Registered Nurse
217,Computer Systems Analyst IV
218,Financial Analyst
219,Geologist I
220,VP Product Management
221,Compensation Analyst
222,Programmer Analyst I
223,Assistant Media Planner
224,Marketing Assistant
225,Geologist II
226,Human Resources Manager
227,Financial Advisor
228,Developer IV
229,Systems Administrator III
230,Administrative Officer
231,Information Systems Manager
232,Assistant Media Planner
233,Professor
234,Software Consultant
235,Automation Specialist II
236,Senior Editor
237,Dental Hygienist
238,Quality Control Specialist
239,Legal Assistant
240,Research Associate
241,Human Resources Manager
242,Cost Accountant
243,Senior Cost Accountant
244,Financial Analyst
245,Account Representative I
246,Actuary
247,Chemical Engineer
248,Registered Nurse
249,Teacher
250,Chief Design Engineer
251,Administrative Assistant IV
252,Analyst Programmer
253,Chemical Engineer
254,Administrative Assistant III
255,Human Resources Manager
256,Geological Engineer
257,Office Assistant II
258,Executive Secretary
259,Actuary
260,Automation Specialist I
261,Analog Circuit Design manager
262,Professor
263,Analyst Programmer
264,Help Desk Technician
265,Tax Accountant
266,Structural Engineer
267,Business Systems Development Analyst
268,Systems Administrator I
269,Engineer III
270,Media Manager III
271,Senior Financial Analyst
272,Payment Adjustment Coordinator
273,Food Chemist
274,Tax Accountant
275,Help Desk Operator
276,Civil Engineer
277,Web Developer IV
278,Payment Adjustment Coordinator
279,Help Desk Technician
280,Legal Assistant
281,Research Nurse
282,Software Consultant
283,Human Resources Manager
284,Staff Scientist
285,Information Systems Manager
286,Chief Design Engineer
287,Software Test Engineer II
288,Director of Sales
289,Electrical Engineer
290,Clinical Specialist
291,Nurse Practicioner
292,Design Engineer
293,Financial Analyst
294,Senior Editor
295,Geological Engineer
296,Associate Professor
297,Software Engineer I
298,Quality Control Specialist
299,Accountant III
300,Actuary
301,Product Engineer
302,Research Nurse
303,Office Assistant II
304,Biostatistician I
305,Systems Administrator I
306,Sales Associate
307,VP Quality Control
308,Social Worker
309,Programmer Analyst IV
310,Automation Specialist I
311,Help Desk Operator
312,Safety Technician II
313,Junior Executive
314,Assistant Media Planner
315,Legal Assistant
316,Structural Engineer
317,Recruiter
318,Chemical Engineer
319,Office Assistant II
320,Executive Secretary
321,Sales Representative
322,Operator
323,Actuary
324,Tax Accountant
325,Desktop Support Technician
326,Systems Administrator II
327,Account Coordinator
328,Accountant II
329,VP Quality Control
330,Biostatistician II
331,Web Developer IV
332,Web Developer III
333,VP Product Management
334,Dental Hygienist
335,Financial Advisor
336,Programmer I
337,GIS Technical Architect
338,Structural Engineer
339,Assistant Professor
340,Administrative Officer
341,Editor
342,Marketing Assistant
343,Senior Quality Engineer
344,Research Nurse
345,Software Consultant
346,Nurse
347,Accounting Assistant I
348,Legal Assistant
349,Nurse Practicioner
350,Occupational Therapist
351,Geological Engineer
352,Geologist III
353,Engineer IV
354,Paralegal
355,Developer IV
356,Programmer Analyst I
357,GIS Technical Architect
358,Nuclear Power Engineer
359,Clinical Specialist
360,VP Product Management
361,Senior Cost Accountant
362,Software Consultant
363,Staff Scientist
364,VP Quality Control
365,Developer I
366,VP Quality Control
367,Librarian
368,Help Desk Operator
369,Technical Writer
370,Analyst Programmer
371,Executive Secretary
372,Speech Pathologist
373,Engineer I
374,GIS Technical Architect
375,Assistant Professor
376,Nurse
377,Help Desk Technician
378,Programmer Analyst III
379,Nuclear Power Engineer
380,Legal Assistant
381,Structural Engineer
382,Chemical Engineer
383,Technical Writer
384,Assistant Manager
385,Analyst Programmer
386,Environmental Specialist
387,Engineer II
388,Paralegal
389,Librarian
390,Graphic Designer
391,Database Administrator I
392,Assistant Manager
393,Business Systems Development Analyst
394,Civil Engineer
395,Help Desk Technician
396,VP Marketing
397,Project Manager
398,Sales Representative
399,Internal Auditor
400,Recruiter
401,Software Consultant
402,Physical Therapy Assistant
403,Nurse Practicioner
404,Assistant Media Planner
405,Help Desk Operator
406,Staff Scientist
407,Nurse Practicioner
408,Speech Pathologist
409,Geological Engineer
410,Food Chemist
411,Biostatistician III
412,Pharmacist
413,Developer III
414,Legal Assistant
415,Research Associate
416,Senior Editor
417,Technical Writer
418,Information Systems Manager
419,Nurse
420,Recruiter
421,Environmental Tech
422,Actuary
423,Director of Sales
424,Software Consultant
425,Software Consultant
426,Analog Circuit Design manager
427,Registered Nurse
428,VP Accounting
429,Project Manager
430,Senior Quality Engineer
431,Actuary
432,Desktop Support Technician
433,Human Resources Assistant II
434,Analog Circuit Design manager
435,Safety Technician II
436,Dental Hygienist
437,Information Systems Manager
438,Professor
439,Chemical Engineer
440,Environmental Tech
441,Professor
442,VP Sales
443,Assistant Manager
444,Software Consultant
445,VP Product Management
446,Structural Analysis Engineer
447,Software Test Engineer I
448,Structural Engineer
449,Developer IV
450,Help Desk Technician
451,Quality Engineer
452,Operator
453,Structural Analysis Engineer
454,Senior Financial Analyst
455,Analog Circuit Design manager
456,Chief Design Engineer
457,Senior Sales Associate
458,Recruiter
459,Dental Hygienist
460,Accounting Assistant IV
461,Civil Engineer
462,Senior Sales Associate
463,Structural Engineer
464,Account Executive
465,Engineer III
466,VP Quality Control
467,Director of Sales
468,Junior Executive
469,Office Assistant III
470,Environmental Specialist
471,Pharmacist
472,Staff Scientist
473,Administrative Assistant II
474,Community Outreach Specialist
475,Recruiter
476,Senior Developer
477,Assistant Media Planner
478,Project Manager
479,Human Resources Manager
480,Account Executive
481,Software Engineer III
482,Cost Accountant
483,General Manager
484,Executive Secretary
485,Safety Technician I
486,Speech Pathologist
487,Associate Professor
488,Recruiter
489,Tax Accountant
490,Tax Accountant
491,Software Consultant
492,Financial Analyst
493,Legal Assistant
494,Internal Auditor
495,Environmental Specialist
496,Account Executive
497,Health Coach IV
498,Librarian
499,Recruiting Manager
500,Food Chemist
501,VP Quality Control
502,Desktop Support Technician
503,Recruiting Manager
504,Director of Sales
505,Nuclear Power Engineer
506,Tax Accountant
507,VP Accounting
508,Civil Engineer
509,Assistant Media Planner
510,Computer Systems Analyst IV
511,Software Consultant
512,Structural Analysis Engineer
513,Dental Hygienist
514,VP Product Management
515,Nurse
516,Engineer III
517,Pharmacist
518,Human Resources Manager
519,Associate Professor
520,Web Designer II
521,Human Resources Assistant I
522,Safety Technician IV
523,Sales Representative
524,Senior Quality Engineer
525,Computer Systems Analyst I
526,Research Nurse
527,Quality Engineer
528,Business Systems Development Analyst
529,Product Engineer
530,Graphic Designer
531,Nurse Practicioner
532,Senior Developer
533,Assistant Media Planner
534,Desktop Support Technician
535,Geologist II
536,Research Assistant II
537,Actuary
538,Research Nurse
539,Research Associate
540,Nuclear Power Engineer
541,Sales Representative
542,Nurse
543,Assistant Professor
544,Food Chemist
545,Senior Developer
546,Food Chemist
547,Analog Circuit Design manager
548,Dental Hygienist
549,Assistant Manager
550,Professor
551,Clinical Specialist
552,Desktop Support Technician
553,Geologist IV
554,Physical Therapy Assistant
555,Design Engineer
556,VP Accounting
557,Staff Scientist
558,Programmer III
559,Account Representative I
560,Paralegal
561,Programmer III
562,GIS Technical Architect
563,Systems Administrator IV
564,Research Associate
565,Environmental Specialist
566,Software Consultant
567,Software Consultant
568,Technical Writer
569,Senior Developer
570,Engineer IV
571,Executive Secretary
572,Associate Professor
573,Sales Representative
574,Account Coordinator
575,Registered Nurse
576,Analog Circuit Design manager
577,Assistant Manager
578,Budget/Accounting Analyst III
579,Senior Cost Accountant
580,General Manager
581,Actuary
582,Project Manager
583,Sales Representative
584,Professor
585,Safety Technician III
586,Senior Financial Analyst
587,Graphic Designer
588,Nurse Practicioner
589,Registered Nurse
590,Occupational Therapist
591,Marketing Manager
592,Nurse Practicioner
593,VP Product Management
594,Geologist II
595,Compensation Analyst
596,Technical Writer
597,Programmer Analyst IV
598,Electrical Engineer
599,Engineer III
600,Professor
601,Tax Accountant
602,Clinical Specialist
603,Software Test Engineer II
604,Senior Financial Analyst
605,Executive Secretary
606,Senior Financial Analyst
607,Accountant I
608,Geological Engineer
609,Mechanical Systems Engineer
610,Professor
611,Biostatistician IV
612,Staff Scientist
613,Programmer IV
614,Software Consultant
615,Marketing Manager
616,VP Accounting
617,Sales Associate
618,Assistant Manager
619,Nurse
620,Account Executive
621,VP Quality Control
622,Staff Accountant I
623,Geological Engineer
624,Junior Executive
625,Account Representative IV
626,Help Desk Technician
627,Developer I
628,Environmental Tech
629,Analog Circuit Design manager
630,Sales Representative
631,Administrative Officer
632,Civil Engineer
633,Nurse Practicioner
634,Recruiter
635,Community Outreach Specialist
636,Systems Administrator I
637,Junior Executive
638,Assistant Media Planner
639,Web Designer I
640,Financial Analyst
641,Human Resources Assistant IV
642,Director of Sales
643,Librarian
644,Legal Assistant
645,Structural Engineer
646,Account Representative IV
647,Marketing Manager
648,Product Engineer
649,Compensation Analyst
650,Mechanical Systems Engineer
651,Project Manager
652,Research Associate
653,Chemical Engineer
654,Sales Associate
655,Clinical Specialist
656,Registered Nurse
657,Administrative Assistant II
658,Director of Sales
659,Recruiter
660,Civil Engineer
661,Media Manager III
662,Web Developer I
663,Engineer I
664,Human Resources Assistant II
665,Senior Sales Associate
666,Assistant Media Planner
667,Legal Assistant
668,Automation Specialist II
669,Financial Advisor
670,Executive Secretary
671,Design Engineer
672,Design Engineer
673,Office Assistant III
674,Statistician III
675,VP Marketing
676,Research Nurse
677,Accounting Assistant IV
678,Registered Nurse
679,Desktop Support Technician
680,Registered Nurse
681,VP Accounting
682,Assistant Professor
683,Statistician II
684,Safety Technician I
685,Software Engineer II
686,Editor
687,Senior Financial Analyst
688,Associate Professor
689,Speech Pathologist
690,Help Desk Operator
691,Financial Analyst
692,General Manager
693,Cost Accountant
694,Design Engineer
695,Web Designer IV
696,Help Desk Technician
697,Associate Professor
698,Product Engineer
699,Budget/Accounting Analyst III
700,Statistician I
701,Database Administrator IV
702,Food Chemist
703,Quality Engineer
704,Chief Design Engineer
705,Accountant I
706,Executive Secretary
707,Editor
708,VP Accounting
709,Analyst Programmer
710,Quality Control Specialist
711,Nuclear Power Engineer
712,Editor
713,Developer IV
714,Nuclear Power Engineer
715,Automation Specialist IV
716,Statistician III
717,Professor
718,Payment Adjustment Coordinator
719,Product Engineer
720,Project Manager
721,Physical Therapy Assistant
722,Information Systems Manager
723,Technical Writer
724,Administrative Assistant III
725,Account Representative IV
726,Statistician II
727,Software Consultant
728,Engineer III
729,Assistant Manager
730,Senior Developer
731,Teacher
732,Tax Accountant
733,Sales Associate
734,Professor
735,Analog Circuit Design manager
736,Registered Nurse
737,Dental Hygienist
738,Senior Editor
739,Electrical Engineer
740,Graphic Designer
741,Occupational Therapist
742,Mechanical Systems Engineer
743,Chief Design Engineer
744,Help Desk Technician
745,Quality Control Specialist
746,Data Coordiator
747,Geological Engineer
748,VP Marketing
749,Assistant Manager
750,VP Marketing
751,Programmer Analyst IV
752,Quality Engineer
753,Compensation Analyst
754,Database Administrator II
755,Civil Engineer
756,VP Product Management
757,Geological Engineer
758,Professor
759,Senior Developer
760,Structural Analysis Engineer
761,Associate Professor
762,Legal Assistant
763,Account Representative I
764,Account Executive
765,Tax Accountant
766,VP Marketing
767,Tax Accountant
768,Environmental Tech
769,Internal Auditor
770,VP Product Management
771,Director of Sales
772,Environmental Specialist
773,Geologist IV
774,Geological Engineer
775,Business Systems Development Analyst
776,Compensation Analyst
777,Marketing Manager
778,Marketing Assistant
779,Librarian
780,VP Quality Control
781,Accountant I
782,Account Representative III
783,Speech Pathologist
784,Sales Associate
785,Registered Nurse
786,Information Systems Manager
787,Operator
788,Accounting Assistant III
789,Staff Scientist
790,Automation Specialist III
791,Actuary
792,Staff Accountant III
793,Teacher
794,Structural Engineer
795,Quality Engineer
796,Senior Editor
797,Speech Pathologist
798,Pharmacist
799,Research Assistant IV
800,Accounting Assistant I
801,Internal Auditor
802,Assistant Manager
803,Internal Auditor
804,Senior Sales Associate
805,Engineer II
806,Analyst Programmer
807,Speech Pathologist
808,Teacher
809,Graphic Designer
810,Food Chemist
811,VP Quality Control
812,Legal Assistant
813,Web Designer II
814,Assistant Professor
815,Programmer I
816,Safety Technician II
817,Structural Analysis Engineer
818,Nurse Practicioner
819,VP Product Management
820,Help Desk Operator
821,Quality Control Specialist
822,Information Systems Manager
823,Help Desk Technician
824,Database Administrator I
825,Physical Therapy Assistant
826,Database Administrator II
827,Analyst Programmer
828,Product Engineer
829,Statistician III
830,Research Associate
831,Graphic Designer
832,Safety Technician IV
833,Librarian
834,Administrative Assistant II
835,Web Designer III
836,Speech Pathologist
837,Financial Analyst
838,Human Resources Manager
839,Product Engineer
840,Technical Writer
841,Environmental Specialist
842,Associate Professor
843,Statistician II
844,Automation Specialist II
845,Paralegal
846,Executive Secretary
847,GIS Technical Architect
848,Software Test Engineer III
849,Research Assistant III
850,Executive Secretary
851,Web Designer I
852,Desktop Support Technician
853,Account Coordinator
854,Technical Writer
855,Research Nurse
856,Senior Cost Accountant
857,Payment Adjustment Coordinator
858,VP Product Management
859,Marketing Assistant
860,Biostatistician III
861,Environmental Tech
862,Information Systems Manager
863,Actuary
864,Legal Assistant
865,Speech Pathologist
866,Social Worker
867,Accounting Assistant II
868,Safety Technician III
869,Project Manager
870,Assistant Manager
871,Quality Control Specialist
872,Operator
873,Research Assistant II
874,Nurse
875,Sales Associate
876,Food Chemist
877,Budget/Accounting Analyst IV
878,Payment Adjustment Coordinator
879,Quality Control Specialist
880,Editor
881,Librarian
882,Financial Advisor
883,Account Coordinator
884,Quality Control Specialist
885,Editor
886,Quality Engineer
887,Speech Pathologist
888,Registered Nurse
889,Systems Administrator III
890,Geologist I
891,Office Assistant II
892,Operator
893,Nurse Practicioner
894,Design Engineer
895,Chemical Engineer
896,VP Accounting
897,Analog Circuit Design manager
898,Safety Technician IV
899,Senior Developer
900,Analog Circuit Design manager
901,Geologist II
902,Project Manager
903,Executive Secretary
904,Programmer Analyst III
905,Recruiter
906,Design Engineer
907,Pharmacist
908,Programmer III
909,Senior Editor
910,Compensation Analyst
911,Librarian
912,Analog Circuit Design manager
913,VP Sales
914,Software Test Engineer II
915,Cost Accountant
916,VP Quality Control
917,Statistician I
918,Data Coordiator
919,Sales Representative
920,Speech Pathologist
921,Information Systems Manager
922,Payment Adjustment Coordinator
923,Editor
924,Automation Specialist II
925,Geological Engineer
926,VP Accounting
927,Systems Administrator I
928,Dental Hygienist
929,Graphic Designer
930,Senior Developer
931,Software Consultant
932,Payment Adjustment Coordinator
933,Professor
934,Professor
935,Information Systems Manager
936,Librarian
937,Geologist III
938,Physical Therapy Assistant
939,Environmental Tech
940,Research Assistant III
941,Tax Accountant
942,Geologist I
943,Operator
944,Research Nurse
945,Accounting Assistant IV
946,Quality Control Specialist
947,Research Assistant III
948,Sales Associate
949,Geological Engineer
950,Marketing Assistant
951,Environmental Tech
952,Geologist IV
953,Design Engineer
954,Computer Systems Analyst IV
955,Biostatistician III
956,Account Representative IV
957,Associate Professor
958,Desktop Support Technician
959,Programmer IV
960,Account Executive
961,Senior Financial Analyst
962,Senior Financial Analyst
963,Tax Accountant
964,Recruiting Manager
965,Staff Accountant II
966,Senior Financial Analyst
967,VP Accounting
968,Dental Hygienist
969,Geological Engineer
970,Software Consultant
971,Assistant Manager
972,Systems Administrator I
973,Internal Auditor
974,Desktop Support Technician
975,Technical Writer
976,Web Designer III
977,Accounting Assistant II
978,Project Manager
979,Senior Financial Analyst
980,Information Systems Manager
981,Developer III
982,Design Engineer
983,Administrative Officer
984,Senior Sales Associate
985,Automation Specialist II
986,Biostatistician III
987,Civil Engineer
988,VP Product Management
989,Compensation Analyst
990,Quality Engineer
991,Actuary
992,Information Systems Manager
993,Nurse Practicioner
994,Cost Accountant
995,Registered Nurse
996,Staff Accountant IV
997,Recruiting Manager
998,Electrical Engineer
999,Data Coordiator
1000,Sales Representative
